2025-10-22 15:54:56.401 [Info] Logger inicializado
2025-10-22 15:54:56.938 [Info] Applied theme: ComicClassic
2025-10-22 15:54:57.276 [Info] Initializing ComicPageLoader (empty constructor)
2025-10-22 15:54:57.495 [Info] Decode concurrency cap set to 3
2025-10-22 15:54:57.497 [Info] Prefetch window set to 4
2025-10-22 16:06:30.400 [Info] Logger inicializado
2025-10-22 16:06:30.926 [Info] Applied theme: ComicClassic
2025-10-22 16:06:31.332 [Info] Initializing ComicPageLoader (empty constructor)
2025-10-22 16:06:31.477 [Info] Decode concurrency cap set to 3
2025-10-22 16:06:31.480 [Info] Prefetch window set to 4
2025-10-22 16:07:03.565 [Info] [Perf] 2025-10-22T20:07:03.5652331Z - LoadComicAsync took 33ms
2025-10-22 16:07:03.566 [Info] Successfully loaded comic structure for: C:\Users\O11CE\OneDrive\Desktop\comic\Absolute Superman 11 [HDM].cbr with 26 pages.
2025-10-22 16:07:03.571 [Info] Storage read latency heuristic: 0.4ms
2025-10-22 16:07:03.574 [Info] Decode concurrency cap set to 3
2025-10-22 16:07:03.625 [Info] Initializing ComicPageLoader for: C:\Users\O11CE\OneDrive\Desktop\comic\Absolute Superman 11 [HDM].cbr
2025-10-22 16:07:03.631 [Info] Decode concurrency cap set to 3
2025-10-22 16:07:03.637 [Info] [Perf] 2025-10-22T20:07:03.6370657Z - LoadComicAsync took 2ms
2025-10-22 16:07:03.649 [Info] Successfully loaded comic structure for: C:\Users\O11CE\OneDrive\Desktop\comic\Absolute Superman 11 [HDM].cbr with 26 pages.
2025-10-22 16:07:03.660 [Info] Storage read latency heuristic: 1.3ms
2025-10-22 16:07:03.705 [Info] Initializing ComicPageLoader for: C:\Users\O11CE\OneDrive\Desktop\comic\Absolute Superman 11 [HDM].cbr
2025-10-22 16:07:03.727 [Info] Decode concurrency cap set to 3
2025-10-22 16:07:03.735 [Info] [Perf] 2025-10-22T20:07:03.7358201Z - LoadComicAsync took 1ms
2025-10-22 16:07:03.739 [Info] Successfully loaded comic structure for: C:\Users\O11CE\OneDrive\Desktop\comic\Absolute Superman 11 [HDM].cbr with 26 pages.
2025-10-22 16:07:03.743 [Info] Storage read latency heuristic: 1.2ms
2025-10-22 16:07:15.172 [Info] Disposing ComicPageLoader and cancelling internal operations.
2025-10-22 16:07:15.183 [Info] ComicPageLoader disposed.
2025-10-22 16:07:22.600 [Info] Disposing ComicPageLoader and cancelling internal operations.
2025-10-22 16:07:22.602 [Info] ComicPageLoader disposed.
2025-10-22 16:07:22.604 [Info] [Perf] 2025-10-22T20:07:22.6047485Z - Enqueue full load page 0
2025-10-22 16:07:22.714 [Info] [Perf] 2025-10-22T20:07:22.7143814Z - Enqueue prefetch page 1
2025-10-22 16:07:22.759 [Info] [Perf] 2025-10-22T20:07:22.7598622Z - Enqueue prefetch page 2
2025-10-22 16:07:22.951 [Info] [Perf] 2025-10-22T20:07:22.9511278Z - Enqueue prefetch page 3
2025-10-22 16:07:23.113 [Info] [Perf] 2025-10-22T20:07:23.1135436Z - Enqueue prefetch page 4
2025-10-22 16:07:23.186 [Info] [Perf] 2025-10-22T20:07:23.1860091Z - Decode_CreateBitmapImage took 103ms
2025-10-22 16:07:23.192 [Info] [Perf] 2025-10-22T20:07:23.1921578Z - LoadImageFromSource_ZipExtract took 131ms
2025-10-22 16:07:23.201 [Info] Swap thumbnail->full for page 0 took 600ms (decode 519ms)
2025-10-22 16:07:23.203 [Info] [Perf] 2025-10-22T20:07:23.2034581Z - FullLoad page 0 took 531ms
2025-10-22 16:07:23.598 [Info] [Perf] 2025-10-22T20:07:23.5985018Z - Decode_CreateBitmapImage took 117ms
2025-10-22 16:07:23.600 [Info] [Perf] 2025-10-22T20:07:23.6001443Z - LoadImageFromSource_ZipExtract took 130ms
2025-10-22 16:07:23.601 [Info] [Perf] 2025-10-22T20:07:23.6016493Z - Prefetch page 1 took 142ms
2025-10-22 16:07:23.724 [Info] [Perf] 2025-10-22T20:07:23.7240017Z - Enqueue full load page 3
2025-10-22 16:07:23.725 [Info] [Perf] 2025-10-22T20:07:23.7258396Z - Enqueue full load page 4
2025-10-22 16:07:23.789 [Info] [Perf] 2025-10-22T20:07:23.7899716Z - Enqueue prefetch page 2
2025-10-22 16:07:23.794 [Info] [Perf] 2025-10-22T20:07:23.7946323Z - Enqueue prefetch page 5
2025-10-22 16:07:23.915 [Info] [Perf] 2025-10-22T20:07:23.9158342Z - Decode_CreateBitmapImage took 168ms
2025-10-22 16:07:23.917 [Info] [Perf] 2025-10-22T20:07:23.9172296Z - LoadImageFromSource_ZipExtract took 179ms
2025-10-22 16:07:23.918 [Info] [Perf] 2025-10-22T20:07:23.9184196Z - FullLoad page 3 took 192ms
2025-10-22 16:07:24.104 [Info] [Perf] 2025-10-22T20:07:24.1046904Z - Decode_CreateBitmapImage took 154ms
2025-10-22 16:07:24.106 [Info] [Perf] 2025-10-22T20:07:24.1060843Z - LoadImageFromSource_ZipExtract took 178ms
2025-10-22 16:07:24.107 [Info] [Perf] 2025-10-22T20:07:24.1076048Z - FullLoad page 4 took 188ms
2025-10-22 16:07:24.438 [Info] [Perf] 2025-10-22T20:07:24.4384911Z - Enqueue full load page 2
2025-10-22 16:07:24.438 [Info] [Perf] 2025-10-22T20:07:24.4388594Z - Enqueue full load page 5
2025-10-22 16:07:24.495 [Info] [Perf] 2025-10-22T20:07:24.4956247Z - Enqueue prefetch page 6
2025-10-22 16:07:24.519 [Info] [Perf] 2025-10-22T20:07:24.5190696Z - Decode_CreateBitmapImage took 129ms
2025-10-22 16:07:24.522 [Info] [Perf] 2025-10-22T20:07:24.5224571Z - LoadImageFromSource_ZipExtract took 142ms
2025-10-22 16:07:24.530 [Info] [Perf] 2025-10-22T20:07:24.5303401Z - Prefetch page 2 took 168ms
2025-10-22 16:07:24.743 [Info] [Perf] 2025-10-22T20:07:24.7436577Z - Decode_CreateBitmapImage took 174ms
2025-10-22 16:07:24.745 [Info] [Perf] 2025-10-22T20:07:24.7453080Z - LoadImageFromSource_ZipExtract took 199ms
2025-10-22 16:07:24.747 [Info] [Perf] 2025-10-22T20:07:24.7471857Z - FullLoad page 2 took 211ms
2025-10-22 16:07:24.897 [Info] [Perf] 2025-10-22T20:07:24.8970026Z - Decode_CreateBitmapImage took 123ms
2025-10-22 16:07:24.899 [Info] [Perf] 2025-10-22T20:07:24.8991946Z - LoadImageFromSource_ZipExtract took 136ms
2025-10-22 16:07:24.902 [Info] [Perf] 2025-10-22T20:07:24.9028200Z - FullLoad page 5 took 153ms
2025-10-22 16:07:25.162 [Info] [Perf] 2025-10-22T20:07:25.1621635Z - Prefetch page 3 took 0ms
2025-10-22 16:07:25.404 [Info] [Perf] 2025-10-22T20:07:25.4040794Z - Prefetch page 4 took 0ms
2025-10-22 16:07:25.668 [Info] [Perf] 2025-10-22T20:07:25.6688337Z - Prefetch page 2 took 0ms
2025-10-22 16:07:25.925 [Info] [Perf] 2025-10-22T20:07:25.9254276Z - Prefetch page 5 took 0ms
2025-10-22 16:07:26.331 [Info] [Perf] 2025-10-22T20:07:26.3314497Z - Decode_CreateBitmapImage took 122ms
2025-10-22 16:07:26.332 [Info] [Perf] 2025-10-22T20:07:26.3328170Z - LoadImageFromSource_ZipExtract took 135ms
2025-10-22 16:07:26.334 [Info] [Perf] 2025-10-22T20:07:26.3342501Z - Prefetch page 6 took 157ms
2025-10-22 16:07:29.768 [Info] [Perf] 2025-10-22T20:07:29.7685354Z - LoadComicAsync took 136ms
2025-10-22 16:07:29.770 [Info] Successfully loaded comic structure for: C:\Users\O11CE\OneDrive\Desktop\comic\Action Comics #1069.cbr with 36 pages.
2025-10-22 16:07:29.772 [Info] Storage read latency heuristic: 0.4ms
2025-10-22 16:07:29.779 [Info] Decode concurrency cap set to 3
2025-10-22 16:07:29.806 [Info] Initializing ComicPageLoader for: C:\Users\O11CE\OneDrive\Desktop\comic\Action Comics #1069.cbr
2025-10-22 16:07:29.806 [Info] Initializing ComicPageLoader for: C:\Users\O11CE\OneDrive\Desktop\comic\Action Comics #1069.cbr
2025-10-22 16:07:29.821 [Info] Decode concurrency cap set to 3
2025-10-22 16:07:29.822 [Info] Decode concurrency cap set to 3
2025-10-22 16:07:29.830 [Info] [Perf] 2025-10-22T20:07:29.8304385Z - LoadComicAsync took 6ms
2025-10-22 16:07:29.836 [Info] Successfully loaded comic structure for: C:\Users\O11CE\OneDrive\Desktop\comic\Action Comics #1069.cbr with 36 pages.
2025-10-22 16:07:29.837 [Info] [Perf] 2025-10-22T20:07:29.8378501Z - LoadComicAsync took 2ms
2025-10-22 16:07:29.838 [Info] Storage read latency heuristic: 0.7ms
2025-10-22 16:07:29.839 [Info] Successfully loaded comic structure for: C:\Users\O11CE\OneDrive\Desktop\comic\Action Comics #1069.cbr with 36 pages.
2025-10-22 16:07:29.858 [Info] Storage read latency heuristic: 1.9ms
2025-10-22 16:07:30.063 [Info] Disposing ComicPageLoader and cancelling internal operations.
2025-10-22 16:07:30.069 [Info] Disposing ComicPageLoader and cancelling internal operations.
2025-10-22 16:07:30.072 [Info] ComicPageLoader disposed.
2025-10-22 16:07:30.078 [Info] ComicPageLoader disposed.
2025-10-22 16:07:30.078 [Info] [Perf] 2025-10-22T20:07:30.0782575Z - Enqueue full load page 0
2025-10-22 16:07:31.195 [Info] [Perf] 2025-10-22T20:07:31.1955227Z - Enqueue prefetch page 1
2025-10-22 16:07:31.349 [Info] [Perf] 2025-10-22T20:07:31.3496027Z - Enqueue prefetch page 2
2025-10-22 16:07:31.351 [Info] [Perf] 2025-10-22T20:07:31.3515535Z - Enqueue prefetch page 3
2025-10-22 16:07:31.353 [Info] [Perf] 2025-10-22T20:07:31.3531559Z - Enqueue prefetch page 4
2025-10-22 16:07:31.881 [Info] [Perf] 2025-10-22T20:07:31.8818359Z - Decode_CreateBitmapImage took 100ms
2025-10-22 16:07:31.902 [Info] [Perf] 2025-10-22T20:07:31.9029043Z - FullLoad page 0 took 1819ms
2025-10-22 16:07:32.300 [Info] [Perf] 2025-10-22T20:07:32.3009804Z - Decode_CreateBitmapImage took 93ms
2025-10-22 16:07:32.311 [Info] [Perf] 2025-10-22T20:07:32.3116412Z - Prefetch page 1 took 155ms
2025-10-22 16:07:32.700 [Info] [Perf] 2025-10-22T20:07:32.7007277Z - Decode_CreateBitmapImage took 59ms
2025-10-22 16:07:32.702 [Info] [Perf] 2025-10-22T20:07:32.7024381Z - Prefetch page 2 took 134ms
2025-10-22 16:07:33.101 [Info] [Perf] 2025-10-22T20:07:33.1017325Z - Decode_CreateBitmapImage took 71ms
2025-10-22 16:07:33.103 [Info] [Perf] 2025-10-22T20:07:33.1038158Z - Prefetch page 3 took 148ms
2025-10-22 16:07:33.387 [Info] [Perf] 2025-10-22T20:07:33.3878690Z - Enqueue full load page 4
2025-10-22 16:07:33.481 [Info] [Perf] 2025-10-22T20:07:33.4817020Z - Enqueue prefetch page 5
2025-10-22 16:07:33.579 [Info] [Perf] 2025-10-22T20:07:33.5792922Z - Decode_CreateBitmapImage took 142ms
2025-10-22 16:07:33.588 [Info] [Perf] 2025-10-22T20:07:33.5887507Z - Prefetch page 4 took 247ms
2025-10-22 16:07:33.788 [Info] [Perf] 2025-10-22T20:07:33.7883033Z - Decode_CreateBitmapImage took 61ms
2025-10-22 16:07:33.789 [Info] [Perf] 2025-10-22T20:07:33.7897068Z - FullLoad page 4 took 188ms
2025-10-22 16:07:34.227 [Info] [Perf] 2025-10-22T20:07:34.2274116Z - Decode_CreateBitmapImage took 65ms
2025-10-22 16:07:34.229 [Info] [Perf] 2025-10-22T20:07:34.2292933Z - Prefetch page 5 took 185ms
2025-10-22 16:07:38.826 [Info] [Perf] 2025-10-22T20:07:38.8261348Z - LoadComicAsync took 101ms
2025-10-22 16:07:38.831 [Info] Successfully loaded comic structure for: C:\Users\O11CE\OneDrive\Desktop\comic\Resurrection Man - Quantum Karma #003(HijosdelaMedianoche).cbr with 27 pages.
2025-10-22 16:07:38.835 [Info] Storage read latency heuristic: 0.5ms
2025-10-22 16:07:38.838 [Info] Decode concurrency cap set to 3
2025-10-22 16:07:38.894 [Info] Initializing ComicPageLoader for: C:\Users\O11CE\OneDrive\Desktop\comic\Resurrection Man - Quantum Karma #003(HijosdelaMedianoche).cbr
2025-10-22 16:07:38.894 [Info] Initializing ComicPageLoader for: C:\Users\O11CE\OneDrive\Desktop\comic\Resurrection Man - Quantum Karma #003(HijosdelaMedianoche).cbr
2025-10-22 16:07:38.898 [Info] Decode concurrency cap set to 3
2025-10-22 16:07:38.900 [Info] Decode concurrency cap set to 3
2025-10-22 16:07:38.903 [Info] [Perf] 2025-10-22T20:07:38.9032593Z - LoadComicAsync took 1ms
2025-10-22 16:07:38.904 [Info] [Perf] 2025-10-22T20:07:38.9041797Z - LoadComicAsync took 2ms
2025-10-22 16:07:38.906 [Info] Successfully loaded comic structure for: C:\Users\O11CE\OneDrive\Desktop\comic\Resurrection Man - Quantum Karma #003(HijosdelaMedianoche).cbr with 27 pages.
2025-10-22 16:07:38.916 [Info] Storage read latency heuristic: 0.5ms
2025-10-22 16:07:38.910 [Info] Successfully loaded comic structure for: C:\Users\O11CE\OneDrive\Desktop\comic\Resurrection Man - Quantum Karma #003(HijosdelaMedianoche).cbr with 27 pages.
2025-10-22 16:07:38.942 [Info] Storage read latency heuristic: 1.4ms
2025-10-22 16:07:38.983 [Info] Disposing ComicPageLoader and cancelling internal operations.
2025-10-22 16:07:39.012 [Info] ComicPageLoader disposed.
2025-10-22 16:07:39.024 [Info] Disposing ComicPageLoader and cancelling internal operations.
2025-10-22 16:07:39.099 [Info] ComicPageLoader disposed.
2025-10-22 16:07:39.271 [Info] [Perf] 2025-10-22T20:07:39.2711958Z - Enqueue full load page 0
2025-10-22 16:07:39.529 [Info] [Perf] 2025-10-22T20:07:39.5296300Z - Enqueue prefetch page 1
2025-10-22 16:07:39.716 [Info] [Perf] 2025-10-22T20:07:39.7163247Z - Enqueue prefetch page 2
2025-10-22 16:07:39.718 [Info] [Perf] 2025-10-22T20:07:39.7188531Z - Enqueue prefetch page 3
2025-10-22 16:07:39.721 [Info] [Perf] 2025-10-22T20:07:39.7212992Z - Enqueue prefetch page 4
2025-10-22 16:07:39.900 [Info] [Perf] 2025-10-22T20:07:39.9009567Z - Decode_CreateBitmapImage took 196ms
2025-10-22 16:07:39.909 [Info] Swap thumbnail->full for page 0 took 638ms (decode 474ms)
2025-10-22 16:07:39.915 [Info] [Perf] 2025-10-22T20:07:39.9157553Z - FullLoad page 0 took 480ms
2025-10-22 16:07:40.363 [Info] [Perf] 2025-10-22T20:07:40.3633074Z - Decode_CreateBitmapImage took 110ms
2025-10-22 16:07:40.364 [Info] [Perf] 2025-10-22T20:07:40.3645834Z - Prefetch page 1 took 197ms
2025-10-22 16:07:40.920 [Info] [Perf] 2025-10-22T20:07:40.9205169Z - Decode_CreateBitmapImage took 124ms
2025-10-22 16:07:40.921 [Info] [Perf] 2025-10-22T20:07:40.9219418Z - Prefetch page 2 took 304ms
2025-10-22 16:07:41.200 [Info] [Perf] 2025-10-22T20:07:41.2004813Z - Enqueue full load page 3
2025-10-22 16:07:41.201 [Info] [Perf] 2025-10-22T20:07:41.2017555Z - Enqueue full load page 4
2025-10-22 16:07:41.332 [Info] [Perf] 2025-10-22T20:07:41.3327256Z - Enqueue prefetch page 5
2025-10-22 16:07:41.584 [Info] [Perf] 2025-10-22T20:07:41.5847520Z - Decode_CreateBitmapImage took 288ms
2025-10-22 16:07:41.586 [Info] [Perf] 2025-10-22T20:07:41.5863166Z - Prefetch page 3 took 411ms
2025-10-22 16:07:41.781 [Info] [Perf] 2025-10-22T20:07:41.7812665Z - Enqueue full load page 5
2025-10-22 16:07:41.891 [Info] [Perf] 2025-10-22T20:07:41.8913157Z - Decode_CreateBitmapImage took 181ms
2025-10-22 16:07:41.893 [Info] [Perf] 2025-10-22T20:07:41.8931789Z - FullLoad page 3 took 305ms
2025-10-22 16:07:41.896 [Info] [Perf] 2025-10-22T20:07:41.8964719Z - Enqueue prefetch page 6
2025-10-22 16:07:42.266 [Info] [Perf] 2025-10-22T20:07:42.2664022Z - Decode_CreateBitmapImage took 194ms
2025-10-22 16:07:42.267 [Info] [Perf] 2025-10-22T20:07:42.2676446Z - FullLoad page 4 took 371ms
2025-10-22 16:07:42.704 [Info] [Perf] 2025-10-22T20:07:42.7049796Z - Decode_CreateBitmapImage took 140ms
2025-10-22 16:07:42.706 [Info] [Perf] 2025-10-22T20:07:42.7067833Z - FullLoad page 5 took 438ms
2025-10-22 16:07:42.959 [Info] [Perf] 2025-10-22T20:07:42.9590178Z - Prefetch page 4 took 0ms
2025-10-22 16:07:43.211 [Info] [Perf] 2025-10-22T20:07:43.2115617Z - Prefetch page 5 took 0ms
2025-10-22 16:07:43.659 [Info] [Perf] 2025-10-22T20:07:43.6596401Z - Decode_CreateBitmapImage took 144ms
2025-10-22 16:07:43.661 [Info] [Perf] 2025-10-22T20:07:43.6610483Z - Prefetch page 6 took 182ms
2025-10-22 16:07:50.528 [Info] [Perf] 2025-10-22T20:07:50.5283978Z - LoadComicAsync took 80ms
2025-10-22 16:07:50.540 [Info] Successfully loaded comic structure for: C:\Users\O11CE\OneDrive\Desktop\comic\The Vigil #3 (2023) HDM.cbr with 24 pages.
2025-10-22 16:07:50.548 [Info] Storage read latency heuristic: 0.5ms
2025-10-22 16:07:50.555 [Info] Decode concurrency cap set to 3
2025-10-22 16:07:50.621 [Info] Initializing ComicPageLoader for: C:\Users\O11CE\OneDrive\Desktop\comic\The Vigil #3 (2023) HDM.cbr
2025-10-22 16:07:50.621 [Info] Initializing ComicPageLoader for: C:\Users\O11CE\OneDrive\Desktop\comic\The Vigil #3 (2023) HDM.cbr
2025-10-22 16:07:50.631 [Info] Decode concurrency cap set to 3
2025-10-22 16:07:50.633 [Info] Decode concurrency cap set to 3
2025-10-22 16:07:50.640 [Info] [Perf] 2025-10-22T20:07:50.6406594Z - LoadComicAsync took 6ms
2025-10-22 16:07:50.647 [Info] [Perf] 2025-10-22T20:07:50.6474562Z - LoadComicAsync took 1ms
2025-10-22 16:07:50.649 [Info] Successfully loaded comic structure for: C:\Users\O11CE\OneDrive\Desktop\comic\The Vigil #3 (2023) HDM.cbr with 24 pages.
2025-10-22 16:07:50.651 [Info] Successfully loaded comic structure for: C:\Users\O11CE\OneDrive\Desktop\comic\The Vigil #3 (2023) HDM.cbr with 24 pages.
2025-10-22 16:07:50.652 [Info] Storage read latency heuristic: 0.4ms
2025-10-22 16:07:50.653 [Info] Storage read latency heuristic: 0.3ms
2025-10-22 16:07:51.015 [Info] Disposing ComicPageLoader and cancelling internal operations.
2025-10-22 16:07:51.022 [Info] Disposing ComicPageLoader and cancelling internal operations.
2025-10-22 16:07:51.039 [Info] ComicPageLoader disposed.
2025-10-22 16:07:51.044 [Info] ComicPageLoader disposed.
2025-10-22 16:07:51.064 [Info] [Perf] 2025-10-22T20:07:51.0643677Z - Enqueue full load page 0
2025-10-22 16:07:52.468 [Info] [Perf] 2025-10-22T20:07:52.4687830Z - Decode_CreateBitmapImage took 141ms
2025-10-22 16:07:52.474 [Info] Swap thumbnail->full for page 0 took 1410ms (decode 1290ms)
2025-10-22 16:07:52.477 [Info] [Perf] 2025-10-22T20:07:52.4775335Z - FullLoad page 0 took 1294ms
2025-10-22 16:07:53.781 [Info] [Perf] 2025-10-22T20:07:53.7818317Z - Enqueue full load page 3
2025-10-22 16:07:53.783 [Info] [Perf] 2025-10-22T20:07:53.7831190Z - Enqueue full load page 4
2025-10-22 16:07:54.342 [Info] [Perf] 2025-10-22T20:07:54.3420700Z - Enqueue full load page 5
2025-10-22 16:07:57.553 [Info] [Perf] 2025-10-22T20:07:57.5533940Z - Enqueue prefetch page 1
2025-10-22 16:07:57.554 [Info] [Perf] 2025-10-22T20:07:57.5548360Z - Enqueue prefetch page 6
2025-10-22 16:07:57.556 [Info] [Perf] 2025-10-22T20:07:57.5565098Z - Enqueue full load page 2
2025-10-22 16:07:57.820 [Info] [Perf] 2025-10-22T20:07:57.8202187Z - Decode_CreateBitmapImage took 158ms
2025-10-22 16:07:57.986 [Info] [Perf] 2025-10-22T20:07:57.9860455Z - FullLoad page 3 took 4000ms
2025-10-22 16:07:58.228 [Info] [Perf] 2025-10-22T20:07:58.2282237Z - Decode_CreateBitmapImage took 126ms
2025-10-22 16:07:58.231 [Info] [Perf] 2025-10-22T20:07:58.2315267Z - FullLoad page 4 took 239ms
2025-10-22 16:07:58.465 [Info] [Perf] 2025-10-22T20:07:58.4656086Z - Decode_CreateBitmapImage took 95ms
2025-10-22 16:07:58.467 [Info] [Perf] 2025-10-22T20:07:58.4670225Z - FullLoad page 5 took 233ms
2025-10-22 16:07:58.600 [Info] [Perf] 2025-10-22T20:07:58.6002199Z - Decode_CreateBitmapImage took 98ms
2025-10-22 16:07:58.601 [Info] [Perf] 2025-10-22T20:07:58.6017559Z - FullLoad page 2 took 133ms
2025-10-22 16:07:59.866 [Info] [Perf] 2025-10-22T20:07:59.8663749Z - Decode_CreateBitmapImage took 146ms
2025-10-22 16:07:59.868 [Info] [Perf] 2025-10-22T20:07:59.8683643Z - Prefetch page 1 took 1013ms
2025-10-22 16:08:00.444 [Info] [Perf] 2025-10-22T20:08:00.4448081Z - Decode_CreateBitmapImage took 140ms
2025-10-22 16:08:00.447 [Info] [Perf] 2025-10-22T20:08:00.4478817Z - Prefetch page 6 took 334ms
2025-10-22 16:08:01.622 [Info] [Perf] 2025-10-22T20:08:01.6225227Z - LoadComicAsync took 73ms
2025-10-22 16:08:01.631 [Info] Successfully loaded comic structure for: C:\Users\O11CE\OneDrive\Desktop\comic\Ultimate incursión 2.cbr with 27 pages.
2025-10-22 16:08:01.637 [Info] Storage read latency heuristic: 0.5ms
2025-10-22 16:08:01.645 [Info] Decode concurrency cap set to 3
2025-10-22 16:08:01.727 [Info] Initializing ComicPageLoader for: C:\Users\O11CE\OneDrive\Desktop\comic\Ultimate incursión 2.cbr
2025-10-22 16:08:01.727 [Info] Initializing ComicPageLoader for: C:\Users\O11CE\OneDrive\Desktop\comic\Ultimate incursión 2.cbr
2025-10-22 16:08:01.751 [Info] Decode concurrency cap set to 3
2025-10-22 16:08:01.752 [Info] Decode concurrency cap set to 3
2025-10-22 16:08:01.778 [Info] [Perf] 2025-10-22T20:08:01.7787909Z - LoadComicAsync took 2ms
2025-10-22 16:08:01.781 [Info] [Perf] 2025-10-22T20:08:01.7817847Z - LoadComicAsync took 1ms
2025-10-22 16:08:01.782 [Info] Successfully loaded comic structure for: C:\Users\O11CE\OneDrive\Desktop\comic\Ultimate incursión 2.cbr with 27 pages.
2025-10-22 16:08:01.784 [Info] Successfully loaded comic structure for: C:\Users\O11CE\OneDrive\Desktop\comic\Ultimate incursión 2.cbr with 27 pages.
2025-10-22 16:08:01.785 [Info] Storage read latency heuristic: 0.4ms
2025-10-22 16:08:01.787 [Info] Storage read latency heuristic: 0.7ms
2025-10-22 16:08:03.549 [Info] Disposing ComicPageLoader and cancelling internal operations.
2025-10-22 16:08:03.575 [Info] ComicPageLoader disposed.
2025-10-22 16:08:03.941 [Info] [Perf] 2025-10-22T20:08:03.9411908Z - Enqueue full load page 0
2025-10-22 16:08:04.046 [Info] Disposing ComicPageLoader and cancelling internal operations.
2025-10-22 16:08:04.057 [Info] ComicPageLoader disposed.
2025-10-22 16:08:04.963 [Info] [Perf] 2025-10-22T20:08:04.9633327Z - Enqueue full load page 3
2025-10-22 16:08:11.270 [Info] [Perf] 2025-10-22T20:08:11.2700751Z - Enqueue prefetch page 2
2025-10-22 16:08:11.273 [Info] [Perf] 2025-10-22T20:08:11.2731302Z - Enqueue prefetch page 4
2025-10-22 16:08:11.278 [Info] [Perf] 2025-10-22T20:08:11.2780847Z - Enqueue prefetch page 5
2025-10-22 16:08:11.313 [Info] [Perf] 2025-10-22T20:08:11.3131670Z - Enqueue full load page 1
2025-10-22 16:08:12.379 [Info] [Perf] 2025-10-22T20:08:12.3793058Z - Decode_CreateBitmapImage took 165ms
2025-10-22 16:08:12.381 [Info] Swap thumbnail->full for page 0 took 8440ms (decode 1331ms)
2025-10-22 16:08:12.382 [Info] [Perf] 2025-10-22T20:08:12.3827049Z - FullLoad page 0 took 8431ms
2025-10-22 16:08:13.048 [Info] [Perf] 2025-10-22T20:08:13.0485526Z - Enqueue full load page 4
2025-10-22 16:08:13.608 [Info] [Perf] 2025-10-22T20:08:13.6083618Z - Decode_CreateBitmapImage took 174ms
2025-10-22 16:08:13.610 [Info] [Perf] 2025-10-22T20:08:13.6100160Z - FullLoad page 3 took 1216ms
2025-10-22 16:08:14.623 [Info] [Perf] 2025-10-22T20:08:14.6232907Z - Decode_CreateBitmapImage took 152ms
2025-10-22 16:08:14.667 [Info] [Perf] 2025-10-22T20:08:14.6679267Z - FullLoad page 1 took 1056ms
2025-10-22 16:08:16.197 [Info] [Perf] 2025-10-22T20:08:16.1970039Z - Decode_CreateBitmapImage took 219ms
2025-10-22 16:08:16.212 [Info] Swap thumbnail->full for page 4 took 3164ms (decode 1542ms)
2025-10-22 16:08:16.215 [Info] [Perf] 2025-10-22T20:08:16.2151534Z - FullLoad page 4 took 1545ms
2025-10-22 16:08:16.334 [Info] [Perf] 2025-10-22T20:08:16.3342634Z - LoadComicAsync took 41ms
2025-10-22 16:08:16.337 [Info] Successfully loaded comic structure for: C:\Users\O11CE\OneDrive\Desktop\comic\Ultimate Spider-Man 008 (2024) (HDM).cbr with 30 pages.
2025-10-22 16:08:16.346 [Info] Storage read latency heuristic: 0.5ms
2025-10-22 16:08:16.355 [Info] Decode concurrency cap set to 3
2025-10-22 16:08:16.443 [Info] Initializing ComicPageLoader for: C:\Users\O11CE\OneDrive\Desktop\comic\Ultimate Spider-Man 008 (2024) (HDM).cbr
2025-10-22 16:08:16.448 [Info] Initializing ComicPageLoader for: C:\Users\O11CE\OneDrive\Desktop\comic\Ultimate Spider-Man 008 (2024) (HDM).cbr
2025-10-22 16:08:16.840 [Info] Decode concurrency cap set to 3
2025-10-22 16:08:17.008 [Info] [Perf] 2025-10-22T20:08:17.0088339Z - Enqueue full load page 0
2025-10-22 16:08:17.304 [Info] [Perf] 2025-10-22T20:08:17.3043865Z - Decode_CreateBitmapImage took 118ms
2025-10-22 16:08:17.801 [Info] Decode concurrency cap set to 3
2025-10-22 16:08:18.383 [Info] [Perf] 2025-10-22T20:08:18.3836884Z - LoadComicAsync took 1ms
2025-10-22 16:08:18.473 [Info] [Perf] 2025-10-22T20:08:18.4731832Z - Enqueue prefetch page 1
2025-10-22 16:08:18.494 [Info] [Perf] 2025-10-22T20:08:18.4944038Z - Prefetch page 2 took 2018ms
2025-10-22 16:08:18.500 [Info] [Perf] 2025-10-22T20:08:18.5000218Z - LoadComicAsync took 1ms
2025-10-22 16:08:18.501 [Info] Successfully loaded comic structure for: C:\Users\O11CE\OneDrive\Desktop\comic\Ultimate Spider-Man 008 (2024) (HDM).cbr with 30 pages.
2025-10-22 16:08:18.502 [Info] [Perf] 2025-10-22T20:08:18.5027060Z - Enqueue prefetch page 3
2025-10-22 16:08:18.725 [Info] Successfully loaded comic structure for: C:\Users\O11CE\OneDrive\Desktop\comic\Ultimate Spider-Man 008 (2024) (HDM).cbr with 30 pages.
2025-10-22 16:08:18.727 [Info] Storage read latency heuristic: 0.6ms
2025-10-22 16:08:18.730 [Info] [Perf] 2025-10-22T20:08:18.7300397Z - Enqueue prefetch page 4
2025-10-22 16:08:18.732 [Info] Storage read latency heuristic: 0.4ms
2025-10-22 16:08:18.786 [Info] [Perf] 2025-10-22T20:08:18.7863550Z - Enqueue full load page 1
2025-10-22 16:08:18.786 [Info] [Perf] 2025-10-22T20:08:18.7862602Z - Enqueue full load page 3
2025-10-22 16:08:18.814 [Info] [Perf] 2025-10-22T20:08:18.8146684Z - Decode_CreateBitmapImage took 175ms
2025-10-22 16:08:18.883 [Info] Disposing ComicPageLoader and cancelling internal operations.
2025-10-22 16:08:18.964 [Info] Disposing ComicPageLoader and cancelling internal operations.
2025-10-22 16:08:18.997 [Info] [Perf] 2025-10-22T20:08:18.9972490Z - Enqueue full load page 4
2025-10-22 16:08:19.000 [Info] Swap thumbnail->full for page 0 took 1991ms (decode 495ms)
2025-10-22 16:08:19.009 [Info] ComicPageLoader disposed.
2025-10-22 16:08:19.010 [Info] ComicPageLoader disposed.
2025-10-22 16:08:19.032 [Info] [Perf] 2025-10-22T20:08:19.0321770Z - FullLoad page 0 took 527ms
2025-10-22 16:08:19.134 [Info] Initializing ComicPageLoader for: C:\Users\O11CE\OneDrive\Desktop\comic\Ultimate Spider-Man 008 (2024) (HDM).cbr
2025-10-22 16:08:19.300 [Info] Decode concurrency cap set to 3
2025-10-22 16:08:19.306 [Info] [Perf] 2025-10-22T20:08:19.3066397Z - LoadComicAsync took 2ms
2025-10-22 16:08:19.402 [Info] Successfully loaded comic structure for: C:\Users\O11CE\OneDrive\Desktop\comic\Ultimate Spider-Man 008 (2024) (HDM).cbr with 30 pages.
2025-10-22 16:08:19.454 [Info] Storage read latency heuristic: 0.5ms
2025-10-22 16:08:19.635 [Info] [Perf] 2025-10-22T20:08:19.6355272Z - Decode_CreateBitmapImage took 262ms
2025-10-22 16:08:19.663 [Info] [Perf] 2025-10-22T20:08:19.6633926Z - FullLoad page 1 took 454ms
2025-10-22 16:08:28.851 [Info] [Perf] 2025-10-22T20:08:28.8512053Z - Enqueue prefetch page 5
2025-10-22 16:08:29.008 [Info] Disposing ComicPageLoader and cancelling internal operations.
2025-10-22 16:08:29.010 [Info] ComicPageLoader disposed.
2025-10-22 16:08:29.375 [Info] [Perf] 2025-10-22T20:08:29.3753967Z - Decode_CreateBitmapImage took 115ms
2025-10-22 16:08:29.377 [Info] [Perf] 2025-10-22T20:08:29.3774353Z - FullLoad page 3 took 9712ms
2025-10-22 16:08:29.738 [Info] [Perf] 2025-10-22T20:08:29.7388002Z - Decode_CreateBitmapImage took 113ms
2025-10-22 16:08:29.741 [Info] [Perf] 2025-10-22T20:08:29.7418366Z - FullLoad page 4 took 359ms
2025-10-22 16:08:29.993 [Info] [Perf] 2025-10-22T20:08:29.9937258Z - Prefetch page 4 took 0ms
2025-10-22 16:08:30.648 [Info] [Perf] 2025-10-22T20:08:30.6480906Z - Decode_CreateBitmapImage took 126ms
2025-10-22 16:08:30.649 [Info] [Perf] 2025-10-22T20:08:30.6494615Z - Prefetch page 5 took 395ms
2025-10-22 16:08:30.902 [Info] [Perf] 2025-10-22T20:08:30.9028582Z - Prefetch page 1 took 0ms
2025-10-22 16:08:31.154 [Info] [Perf] 2025-10-22T20:08:31.1549432Z - Prefetch page 3 took 0ms
2025-10-22 16:08:31.544 [Info] [Perf] 2025-10-22T20:08:31.5449630Z - LoadComicAsync took 261ms
2025-10-22 16:08:31.546 [Info] Successfully loaded comic structure for: C:\Users\O11CE\OneDrive\Desktop\comic\Ultimate Spider-Man 011 (2024) (HDM).cbr with 27 pages.
2025-10-22 16:08:31.548 [Info] Storage read latency heuristic: 0.6ms
2025-10-22 16:08:31.554 [Info] Decode concurrency cap set to 3
2025-10-22 16:08:32.404 [Info] Initializing ComicPageLoader for: C:\Users\O11CE\OneDrive\Desktop\comic\Ultimate Spider-Man 011 (2024) (HDM).cbr
2025-10-22 16:08:32.411 [Info] Decode concurrency cap set to 3
2025-10-22 16:08:32.419 [Info] [Perf] 2025-10-22T20:08:32.4198049Z - LoadComicAsync took 2ms
2025-10-22 16:08:32.432 [Info] Successfully loaded comic structure for: C:\Users\O11CE\OneDrive\Desktop\comic\Ultimate Spider-Man 011 (2024) (HDM).cbr with 27 pages.
2025-10-22 16:08:32.435 [Info] Storage read latency heuristic: 0.7ms
2025-10-22 16:08:32.550 [Info] Disposing ComicPageLoader and cancelling internal operations.
2025-10-22 16:08:32.554 [Info] ComicPageLoader disposed.
2025-10-22 16:08:32.993 [Info] Initializing ComicPageLoader for: C:\Users\O11CE\OneDrive\Desktop\comic\Ultimate Spider-Man 011 (2024) (HDM).cbr
2025-10-22 16:08:33.000 [Info] Decode concurrency cap set to 3
2025-10-22 16:08:33.011 [Info] [Perf] 2025-10-22T20:08:33.0116952Z - LoadComicAsync took 5ms
2025-10-22 16:08:33.015 [Info] Successfully loaded comic structure for: C:\Users\O11CE\OneDrive\Desktop\comic\Ultimate Spider-Man 011 (2024) (HDM).cbr with 27 pages.
2025-10-22 16:08:33.019 [Info] Storage read latency heuristic: 0.4ms
2025-10-22 16:08:33.154 [Info] Disposing ComicPageLoader and cancelling internal operations.
2025-10-22 16:08:33.158 [Info] ComicPageLoader disposed.
2025-10-22 16:08:35.498 [Info] [Perf] 2025-10-22T20:08:35.4981868Z - Enqueue full load page 0
2025-10-22 16:08:36.409 [Info] [Perf] 2025-10-22T20:08:36.4099829Z - Enqueue prefetch page 1
2025-10-22 16:08:36.411 [Info] [Perf] 2025-10-22T20:08:36.4115333Z - Enqueue prefetch page 2
2025-10-22 16:08:36.412 [Info] [Perf] 2025-10-22T20:08:36.4127544Z - Enqueue prefetch page 3
2025-10-22 16:08:36.414 [Info] [Perf] 2025-10-22T20:08:36.4141227Z - Enqueue prefetch page 4
2025-10-22 16:08:36.607 [Info] [Perf] 2025-10-22T20:08:36.6071443Z - Decode_CreateBitmapImage took 4557ms
2025-10-22 16:08:36.608 [Info] [Perf] 2025-10-22T20:08:36.6082787Z - Prefetch page 4 took 5180ms
2025-10-22 16:08:37.568 [Info] [Perf] 2025-10-22T20:08:37.5681645Z - Decode_CreateBitmapImage took 105ms
2025-10-22 16:08:37.569 [Info] [Perf] 2025-10-22T20:08:37.5696964Z - FullLoad page 0 took 960ms
2025-10-22 16:08:38.912 [Info] [Perf] 2025-10-22T20:08:38.9124890Z - Decode_CreateBitmapImage took 259ms
2025-10-22 16:08:39.308 [Info] [Perf] 2025-10-22T20:08:39.3085685Z - Prefetch page 5 took 1486ms
2025-10-22 16:08:39.892 [Info] [Perf] 2025-10-22T20:08:39.8923576Z - Decode_CreateBitmapImage took 178ms
2025-10-22 16:08:39.894 [Info] [Perf] 2025-10-22T20:08:39.8943846Z - Prefetch page 1 took 321ms
2025-10-22 16:08:40.403 [Info] [Perf] 2025-10-22T20:08:40.4038805Z - Decode_CreateBitmapImage took 155ms
2025-10-22 16:08:40.405 [Info] [Perf] 2025-10-22T20:08:40.4052026Z - Prefetch page 2 took 243ms
2025-10-22 16:08:40.856 [Info] [Perf] 2025-10-22T20:08:40.8563571Z - Decode_CreateBitmapImage took 92ms
2025-10-22 16:08:40.857 [Info] [Perf] 2025-10-22T20:08:40.8578569Z - Prefetch page 3 took 198ms
2025-10-22 16:08:41.110 [Info] [Perf] 2025-10-22T20:08:41.1107437Z - Prefetch page 4 took 0ms
2025-10-22 16:13:45.086 [Info] Logger inicializado
2025-10-22 16:13:45.704 [Info] Applied theme: ComicClassic
2025-10-22 16:13:46.056 [Error] UnhandledException (AppDomain.CurrentDomain): 'La inicialización de 'System.Windows.Setter' produjo una excepción.' (número de línea: '77'; posición de línea: '15').
   at System.Windows.Markup.XamlReader.RewrapException(Exception e, IXamlLineInfo lineInfo, Uri baseUri)
   at System.Windows.Markup.WpfXamlLoader.Load(XamlReader xamlReader, IXamlObjectWriterFactory writerFactory, Boolean skipJournaledProperties, Object rootObject, XamlObjectWriterSettings settings, Uri baseUri)
   at System.Windows.Markup.WpfXamlLoader.LoadBaml(XamlReader xamlReader, Boolean skipJournaledProperties, Object rootObject, XamlAccessLevel accessLevel, Uri baseUri)
   at System.Windows.Markup.XamlReader.LoadBaml(Stream stream, ParserContext parserContext, Object parent, Boolean closeStream)
   at System.Windows.Application.LoadComponent(Object component, Uri resourceLocator)
   at ComicReader.App.InitializeComponent() in c:\Users\O11CE\OneDrive\Desktop\Percy Library\App.xaml:line 1
   at ComicReader.App.Main()
2025-10-22 16:14:52.598 [Info] Logger inicializado
2025-10-22 16:14:53.108 [Info] Applied theme: ComicClassic
2025-10-22 16:14:53.421 [Info] Initializing ComicPageLoader (empty constructor)
2025-10-22 16:14:53.563 [Info] Decode concurrency cap set to 3
2025-10-22 16:14:53.564 [Info] Prefetch window set to 4
2025-10-22 16:25:31.277 [Info] Logger inicializado
2025-10-22 16:25:31.773 [Info] Applied theme: ComicClassic
2025-10-22 16:25:32.096 [Info] Initializing ComicPageLoader (empty constructor)
2025-10-22 16:25:32.321 [Info] Decode concurrency cap set to 3
2025-10-22 16:25:32.323 [Info] Prefetch window set to 4
2025-10-22 16:25:44.957 [Info] Applied theme: ComicClassic
2025-10-22 16:34:54.699 [Info] Logger inicializado
2025-10-22 16:34:55.179 [Info] Applied theme: ComicClassic
2025-10-22 16:34:55.612 [Info] Initializing ComicPageLoader (empty constructor)
2025-10-22 16:34:55.813 [Info] Decode concurrency cap set to 3
2025-10-22 16:34:55.816 [Info] Prefetch window set to 4
2025-10-22 16:38:49.209 [Info] Logger inicializado
2025-10-22 16:38:49.693 [Info] Applied theme: ComicClassic
2025-10-22 16:38:50.101 [Info] Initializing ComicPageLoader (empty constructor)
2025-10-22 16:38:50.216 [Info] Decode concurrency cap set to 3
2025-10-22 16:38:50.219 [Info] Prefetch window set to 4
2025-10-22 16:43:25.346 [Info] Logger inicializado
2025-10-22 16:43:26.816 [Info] Applied theme: ComicClassic
2025-10-22 16:43:27.233 [Info] Initializing ComicPageLoader (empty constructor)
2025-10-22 16:43:27.435 [Info] Decode concurrency cap set to 3
2025-10-22 16:43:27.439 [Info] Prefetch window set to 4
2025-10-22 16:44:47.595 [Info] Logger inicializado
2025-10-22 16:44:47.898 [Info] Applied theme: ComicClassic
2025-10-22 16:44:48.230 [Info] Initializing ComicPageLoader (empty constructor)
2025-10-22 16:44:48.352 [Info] Decode concurrency cap set to 3
2025-10-22 16:44:48.354 [Info] Prefetch window set to 4
2025-10-22 16:48:41.598 [Info] Logger inicializado
2025-10-22 16:48:42.073 [Info] Applied theme: ComicClassic
2025-10-22 16:48:42.404 [Info] Initializing ComicPageLoader (empty constructor)
2025-10-22 16:48:42.560 [Info] Decode concurrency cap set to 3
2025-10-22 16:48:42.562 [Info] Prefetch window set to 4
2025-10-22 16:49:23.540 [Error] Unhandled exception caught by App_DispatcherUnhandledException.: No se pueden resolver todas las referencias de propiedad en la ruta a la propiedad 'RenderTransform.ScaleX'. Compruebe que los objetos aplicables admitan las propiedades.
   at System.Windows.Media.Animation.Storyboard.VerifyPathIsAnimatable(PropertyPath path)
   at System.Windows.Media.Animation.Storyboard.ClockTreeWalkRecursive(Clock currentClock, DependencyObject containingObject, INameScope nameScope, DependencyObject parentObject, String parentObjectName, PropertyPath parentPropertyPath, HandoffBehavior handoffBehavior, HybridDictionary clockMappings, Int64 layer)
   at System.Windows.Media.Animation.Storyboard.ClockTreeWalkRecursive(Clock currentClock, DependencyObject containingObject, INameScope nameScope, DependencyObject parentObject, String parentObjectName, PropertyPath parentPropertyPath, HandoffBehavior handoffBehavior, HybridDictionary clockMappings, Int64 layer)
   at System.Windows.Media.Animation.Storyboard.BeginCommon(DependencyObject containingObject, INameScope nameScope, HandoffBehavior handoffBehavior, Boolean isControllable, Int64 layer)
   at System.Windows.Media.Animation.BeginStoryboard.Begin(DependencyObject targetObject, INameScope nameScope, Int64 layer)
   at System.Windows.StyleHelper.InvokeActions(TriggerBase triggerBase, DependencyObject triggerContainer, TriggerActionCollection actions, Style style, FrameworkTemplate frameworkTemplate)
   at System.Windows.StyleHelper.InvokePropertyTriggerActions(TriggerBase triggerBase, DependencyObject triggerContainer, DependencyProperty changedProperty, DependencyPropertyChangedEventArgs changedArgs, Int32 sourceChildIndex, Style style, FrameworkTemplate frameworkTemplate)
   at System.Windows.StyleHelper.OnTriggerSourcePropertyInvalidated(Style ownerStyle, FrameworkTemplate frameworkTemplate, DependencyObject container, DependencyProperty dp, DependencyPropertyChangedEventArgs changedArgs, Boolean invalidateOnlyContainer, FrugalStructList`1& triggerSourceRecordFromChildIndex, FrugalMap& propertyTriggersWithActions, Int32 sourceChildIndex)
   at System.Windows.FrameworkElement.OnPropertyChanged(DependencyPropertyChangedEventArgs e)
   at System.Windows.DependencyObject.NotifyPropertyChange(DependencyPropertyChangedEventArgs args)
   at System.Windows.DependencyObject.UpdateEffectiveValue(EntryIndex entryIndex, DependencyProperty dp, PropertyMetadata metadata, EffectiveValueEntry oldEntry, EffectiveValueEntry& newEntry, Boolean coerceWithDeferredReference, Boolean coerceWithCurrentValue, OperationType operationType)
   at System.Windows.DependencyObject.SetValueCommon(DependencyProperty dp, Object value, PropertyMetadata metadata, Boolean coerceWithDeferredReference, Boolean coerceWithCurrentValue, OperationType operationType, Boolean isInternal)
   at System.Windows.ReverseInheritProperty.FirePropertyChangeInAncestry(DependencyObject element, Boolean oldValue, DeferredElementTreeState treeState, Action`2 originChangedAction)
   at System.Windows.ReverseInheritProperty.FirePropertyChangeInAncestry(DependencyObject element, Boolean oldValue, DeferredElementTreeState treeState, Action`2 originChangedAction)
   at System.Windows.ReverseInheritProperty.OnOriginValueChanged(DependencyObject oldOrigin, DependencyObject newOrigin, IList`1 otherOrigins, DeferredElementTreeState& oldTreeState, Action`2 originChangedAction)
   at System.Windows.Input.MouseDevice.ChangeMouseOver(IInputElement mouseOver, Int32 timestamp)
   at System.Windows.Input.MouseDevice.PreNotifyInput(Object sender, NotifyInputEventArgs e)
   at System.Windows.Input.InputManager.ProcessStagingArea()
   at System.Windows.Interop.HwndMouseInputProvider.ReportInput(IntPtr hwnd, InputMode mode, Int32 timestamp, RawMouseActions actions, Int32 x, Int32 y, Int32 wheel)
   at System.Windows.Interop.HwndMouseInputProvider.FilterMessage(IntPtr hwnd, WindowMessage msg, IntPtr wParam, IntPtr lParam, Boolean& handled)
   at System.Windows.Interop.HwndSource.InputFilterMessage(IntPtr hwnd, Int32 msg, IntPtr wParam, IntPtr lParam, Boolean& handled)
   at MS.Win32.HwndWrapper.WndProc(IntPtr hwnd, Int32 msg, IntPtr wParam, IntPtr lParam, Boolean& handled)
   at System.Windows.Threading.ExceptionWrapper.InternalRealCall(Delegate callback, Object args, Int32 numArgs)
   at System.Windows.Threading.ExceptionWrapper.TryCatchWhen(Object source, Delegate callback, Object args, Int32 numArgs, Delegate catchHandler)
2025-10-22 16:49:23.774 [Error] Unhandled exception caught by App_DispatcherUnhandledException.: No se pueden resolver todas las referencias de propiedad en la ruta a la propiedad 'RenderTransform.ScaleX'. Compruebe que los objetos aplicables admitan las propiedades.
   at System.Windows.Media.Animation.Storyboard.VerifyPathIsAnimatable(PropertyPath path)
   at System.Windows.Media.Animation.Storyboard.ClockTreeWalkRecursive(Clock currentClock, DependencyObject containingObject, INameScope nameScope, DependencyObject parentObject, String parentObjectName, PropertyPath parentPropertyPath, HandoffBehavior handoffBehavior, HybridDictionary clockMappings, Int64 layer)
   at System.Windows.Media.Animation.Storyboard.ClockTreeWalkRecursive(Clock currentClock, DependencyObject containingObject, INameScope nameScope, DependencyObject parentObject, String parentObjectName, PropertyPath parentPropertyPath, HandoffBehavior handoffBehavior, HybridDictionary clockMappings, Int64 layer)
   at System.Windows.Media.Animation.Storyboard.BeginCommon(DependencyObject containingObject, INameScope nameScope, HandoffBehavior handoffBehavior, Boolean isControllable, Int64 layer)
   at System.Windows.Media.Animation.BeginStoryboard.Begin(DependencyObject targetObject, INameScope nameScope, Int64 layer)
   at System.Windows.StyleHelper.InvokeActions(TriggerBase triggerBase, DependencyObject triggerContainer, TriggerActionCollection actions, Style style, FrameworkTemplate frameworkTemplate)
   at System.Windows.StyleHelper.InvokePropertyTriggerActions(TriggerBase triggerBase, DependencyObject triggerContainer, DependencyProperty changedProperty, DependencyPropertyChangedEventArgs changedArgs, Int32 sourceChildIndex, Style style, FrameworkTemplate frameworkTemplate)
   at System.Windows.StyleHelper.OnTriggerSourcePropertyInvalidated(Style ownerStyle, FrameworkTemplate frameworkTemplate, DependencyObject container, DependencyProperty dp, DependencyPropertyChangedEventArgs changedArgs, Boolean invalidateOnlyContainer, FrugalStructList`1& triggerSourceRecordFromChildIndex, FrugalMap& propertyTriggersWithActions, Int32 sourceChildIndex)
   at System.Windows.FrameworkElement.OnPropertyChanged(DependencyPropertyChangedEventArgs e)
   at System.Windows.DependencyObject.NotifyPropertyChange(DependencyPropertyChangedEventArgs args)
   at System.Windows.DependencyObject.UpdateEffectiveValue(EntryIndex entryIndex, DependencyProperty dp, PropertyMetadata metadata, EffectiveValueEntry oldEntry, EffectiveValueEntry& newEntry, Boolean coerceWithDeferredReference, Boolean coerceWithCurrentValue, OperationType operationType)
   at System.Windows.DependencyObject.ClearValueCommon(EntryIndex entryIndex, DependencyProperty dp, PropertyMetadata metadata)
   at System.Windows.ReverseInheritProperty.FirePropertyChangeInAncestry(DependencyObject element, Boolean oldValue, DeferredElementTreeState treeState, Action`2 originChangedAction)
   at System.Windows.ReverseInheritProperty.FirePropertyChangeInAncestry(DependencyObject element, Boolean oldValue, DeferredElementTreeState treeState, Action`2 originChangedAction)
   at System.Windows.ReverseInheritProperty.OnOriginValueChanged(DependencyObject oldOrigin, DependencyObject newOrigin, IList`1 otherOrigins, DeferredElementTreeState& oldTreeState, Action`2 originChangedAction)
   at System.Windows.Input.MouseDevice.ChangeMouseOver(IInputElement mouseOver, Int32 timestamp)
   at System.Windows.Input.MouseDevice.PreProcessInput(Object sender, PreProcessInputEventArgs e)
   at System.Windows.Input.InputManager.ProcessStagingArea()
   at System.Windows.Interop.HwndMouseInputProvider.ReportInput(IntPtr hwnd, InputMode mode, Int32 timestamp, RawMouseActions actions, Int32 x, Int32 y, Int32 wheel)
   at System.Windows.Interop.HwndMouseInputProvider.PossiblyDeactivate(IntPtr hwndCapture, Boolean stillActiveIfOverSelf)
   at System.Windows.Interop.HwndMouseInputProvider.FilterMessage(IntPtr hwnd, WindowMessage msg, IntPtr wParam, IntPtr lParam, Boolean& handled)
   at System.Windows.Interop.HwndSource.InputFilterMessage(IntPtr hwnd, Int32 msg, IntPtr wParam, IntPtr lParam, Boolean& handled)
   at MS.Win32.HwndWrapper.WndProc(IntPtr hwnd, Int32 msg, IntPtr wParam, IntPtr lParam, Boolean& handled)
   at System.Windows.Threading.ExceptionWrapper.InternalRealCall(Delegate callback, Object args, Int32 numArgs)
   at System.Windows.Threading.ExceptionWrapper.TryCatchWhen(Object source, Delegate callback, Object args, Int32 numArgs, Delegate catchHandler)
2025-10-22 16:49:27.673 [Error] Unhandled exception caught by App_DispatcherUnhandledException.: No se pueden resolver todas las referencias de propiedad en la ruta a la propiedad 'RenderTransform.ScaleX'. Compruebe que los objetos aplicables admitan las propiedades.
   at System.Windows.Media.Animation.Storyboard.VerifyPathIsAnimatable(PropertyPath path)
   at System.Windows.Media.Animation.Storyboard.ClockTreeWalkRecursive(Clock currentClock, DependencyObject containingObject, INameScope nameScope, DependencyObject parentObject, String parentObjectName, PropertyPath parentPropertyPath, HandoffBehavior handoffBehavior, HybridDictionary clockMappings, Int64 layer)
   at System.Windows.Media.Animation.Storyboard.ClockTreeWalkRecursive(Clock currentClock, DependencyObject containingObject, INameScope nameScope, DependencyObject parentObject, String parentObjectName, PropertyPath parentPropertyPath, HandoffBehavior handoffBehavior, HybridDictionary clockMappings, Int64 layer)
   at System.Windows.Media.Animation.Storyboard.BeginCommon(DependencyObject containingObject, INameScope nameScope, HandoffBehavior handoffBehavior, Boolean isControllable, Int64 layer)
   at System.Windows.Media.Animation.BeginStoryboard.Begin(DependencyObject targetObject, INameScope nameScope, Int64 layer)
   at System.Windows.StyleHelper.InvokeActions(TriggerBase triggerBase, DependencyObject triggerContainer, TriggerActionCollection actions, Style style, FrameworkTemplate frameworkTemplate)
   at System.Windows.StyleHelper.InvokePropertyTriggerActions(TriggerBase triggerBase, DependencyObject triggerContainer, DependencyProperty changedProperty, DependencyPropertyChangedEventArgs changedArgs, Int32 sourceChildIndex, Style style, FrameworkTemplate frameworkTemplate)
   at System.Windows.StyleHelper.OnTriggerSourcePropertyInvalidated(Style ownerStyle, FrameworkTemplate frameworkTemplate, DependencyObject container, DependencyProperty dp, DependencyPropertyChangedEventArgs changedArgs, Boolean invalidateOnlyContainer, FrugalStructList`1& triggerSourceRecordFromChildIndex, FrugalMap& propertyTriggersWithActions, Int32 sourceChildIndex)
   at System.Windows.FrameworkElement.OnPropertyChanged(DependencyPropertyChangedEventArgs e)
   at System.Windows.DependencyObject.NotifyPropertyChange(DependencyPropertyChangedEventArgs args)
   at System.Windows.DependencyObject.UpdateEffectiveValue(EntryIndex entryIndex, DependencyProperty dp, PropertyMetadata metadata, EffectiveValueEntry oldEntry, EffectiveValueEntry& newEntry, Boolean coerceWithDeferredReference, Boolean coerceWithCurrentValue, OperationType operationType)
   at System.Windows.DependencyObject.SetValueCommon(DependencyProperty dp, Object value, PropertyMetadata metadata, Boolean coerceWithDeferredReference, Boolean coerceWithCurrentValue, OperationType operationType, Boolean isInternal)
   at System.Windows.ReverseInheritProperty.FirePropertyChangeInAncestry(DependencyObject element, Boolean oldValue, DeferredElementTreeState treeState, Action`2 originChangedAction)
   at System.Windows.ReverseInheritProperty.FirePropertyChangeInAncestry(DependencyObject element, Boolean oldValue, DeferredElementTreeState treeState, Action`2 originChangedAction)
   at System.Windows.ReverseInheritProperty.FirePropertyChangeInAncestry(DependencyObject element, Boolean oldValue, DeferredElementTreeState treeState, Action`2 originChangedAction)
   at System.Windows.ReverseInheritProperty.FirePropertyChangeInAncestry(DependencyObject element, Boolean oldValue, DeferredElementTreeState treeState, Action`2 originChangedAction)
   at System.Windows.ReverseInheritProperty.FirePropertyChangeInAncestry(DependencyObject element, Boolean oldValue, DeferredElementTreeState treeState, Action`2 originChangedAction)
   at System.Windows.ReverseInheritProperty.OnOriginValueChanged(DependencyObject oldOrigin, DependencyObject newOrigin, IList`1 otherOrigins, DeferredElementTreeState& oldTreeState, Action`2 originChangedAction)
   at System.Windows.Input.MouseDevice.ChangeMouseOver(IInputElement mouseOver, Int32 timestamp)
   at System.Windows.Input.MouseDevice.PreNotifyInput(Object sender, NotifyInputEventArgs e)
   at System.Windows.Input.InputManager.ProcessStagingArea()
   at System.Windows.Interop.HwndMouseInputProvider.ReportInput(IntPtr hwnd, InputMode mode, Int32 timestamp, RawMouseActions actions, Int32 x, Int32 y, Int32 wheel)
   at System.Windows.Interop.HwndMouseInputProvider.FilterMessage(IntPtr hwnd, WindowMessage msg, IntPtr wParam, IntPtr lParam, Boolean& handled)
   at System.Windows.Interop.HwndSource.InputFilterMessage(IntPtr hwnd, Int32 msg, IntPtr wParam, IntPtr lParam, Boolean& handled)
   at MS.Win32.HwndWrapper.WndProc(IntPtr hwnd, Int32 msg, IntPtr wParam, IntPtr lParam, Boolean& handled)
   at System.Windows.Threading.ExceptionWrapper.InternalRealCall(Delegate callback, Object args, Int32 numArgs)
   at System.Windows.Threading.ExceptionWrapper.TryCatchWhen(Object source, Delegate callback, Object args, Int32 numArgs, Delegate catchHandler)
2025-10-22 16:49:27.854 [Error] Unhandled exception caught by App_DispatcherUnhandledException.: No se pueden resolver todas las referencias de propiedad en la ruta a la propiedad 'RenderTransform.ScaleX'. Compruebe que los objetos aplicables admitan las propiedades.
   at System.Windows.Media.Animation.Storyboard.VerifyPathIsAnimatable(PropertyPath path)
   at System.Windows.Media.Animation.Storyboard.ClockTreeWalkRecursive(Clock currentClock, DependencyObject containingObject, INameScope nameScope, DependencyObject parentObject, String parentObjectName, PropertyPath parentPropertyPath, HandoffBehavior handoffBehavior, HybridDictionary clockMappings, Int64 layer)
   at System.Windows.Media.Animation.Storyboard.ClockTreeWalkRecursive(Clock currentClock, DependencyObject containingObject, INameScope nameScope, DependencyObject parentObject, String parentObjectName, PropertyPath parentPropertyPath, HandoffBehavior handoffBehavior, HybridDictionary clockMappings, Int64 layer)
   at System.Windows.Media.Animation.Storyboard.BeginCommon(DependencyObject containingObject, INameScope nameScope, HandoffBehavior handoffBehavior, Boolean isControllable, Int64 layer)
   at System.Windows.Media.Animation.BeginStoryboard.Begin(DependencyObject targetObject, INameScope nameScope, Int64 layer)
   at System.Windows.StyleHelper.InvokeActions(TriggerBase triggerBase, DependencyObject triggerContainer, TriggerActionCollection actions, Style style, FrameworkTemplate frameworkTemplate)
   at System.Windows.StyleHelper.InvokePropertyTriggerActions(TriggerBase triggerBase, DependencyObject triggerContainer, DependencyProperty changedProperty, DependencyPropertyChangedEventArgs changedArgs, Int32 sourceChildIndex, Style style, FrameworkTemplate frameworkTemplate)
   at System.Windows.StyleHelper.OnTriggerSourcePropertyInvalidated(Style ownerStyle, FrameworkTemplate frameworkTemplate, DependencyObject container, DependencyProperty dp, DependencyPropertyChangedEventArgs changedArgs, Boolean invalidateOnlyContainer, FrugalStructList`1& triggerSourceRecordFromChildIndex, FrugalMap& propertyTriggersWithActions, Int32 sourceChildIndex)
   at System.Windows.FrameworkElement.OnPropertyChanged(DependencyPropertyChangedEventArgs e)
   at System.Windows.DependencyObject.NotifyPropertyChange(DependencyPropertyChangedEventArgs args)
   at System.Windows.DependencyObject.UpdateEffectiveValue(EntryIndex entryIndex, DependencyProperty dp, PropertyMetadata metadata, EffectiveValueEntry oldEntry, EffectiveValueEntry& newEntry, Boolean coerceWithDeferredReference, Boolean coerceWithCurrentValue, OperationType operationType)
   at System.Windows.DependencyObject.ClearValueCommon(EntryIndex entryIndex, DependencyProperty dp, PropertyMetadata metadata)
   at System.Windows.ReverseInheritProperty.FirePropertyChangeInAncestry(DependencyObject element, Boolean oldValue, DeferredElementTreeState treeState, Action`2 originChangedAction)
   at System.Windows.ReverseInheritProperty.FirePropertyChangeInAncestry(DependencyObject element, Boolean oldValue, DeferredElementTreeState treeState, Action`2 originChangedAction)
   at System.Windows.ReverseInheritProperty.FirePropertyChangeInAncestry(DependencyObject element, Boolean oldValue, DeferredElementTreeState treeState, Action`2 originChangedAction)
   at System.Windows.ReverseInheritProperty.FirePropertyChangeInAncestry(DependencyObject element, Boolean oldValue, DeferredElementTreeState treeState, Action`2 originChangedAction)
   at System.Windows.ReverseInheritProperty.FirePropertyChangeInAncestry(DependencyObject element, Boolean oldValue, DeferredElementTreeState treeState, Action`2 originChangedAction)
   at System.Windows.ReverseInheritProperty.OnOriginValueChanged(DependencyObject oldOrigin, DependencyObject newOrigin, IList`1 otherOrigins, DeferredElementTreeState& oldTreeState, Action`2 originChangedAction)
   at System.Windows.Input.MouseDevice.ChangeMouseOver(IInputElement mouseOver, Int32 timestamp)
   at System.Windows.Input.MouseDevice.PreProcessInput(Object sender, PreProcessInputEventArgs e)
   at System.Windows.Input.InputManager.ProcessStagingArea()
   at System.Windows.Interop.HwndMouseInputProvider.ReportInput(IntPtr hwnd, InputMode mode, Int32 timestamp, RawMouseActions actions, Int32 x, Int32 y, Int32 wheel)
   at System.Windows.Interop.HwndMouseInputProvider.PossiblyDeactivate(IntPtr hwndCapture, Boolean stillActiveIfOverSelf)
   at System.Windows.Interop.HwndMouseInputProvider.FilterMessage(IntPtr hwnd, WindowMessage msg, IntPtr wParam, IntPtr lParam, Boolean& handled)
   at System.Windows.Interop.HwndSource.InputFilterMessage(IntPtr hwnd, Int32 msg, IntPtr wParam, IntPtr lParam, Boolean& handled)
   at MS.Win32.HwndWrapper.WndProc(IntPtr hwnd, Int32 msg, IntPtr wParam, IntPtr lParam, Boolean& handled)
   at System.Windows.Threading.ExceptionWrapper.InternalRealCall(Delegate callback, Object args, Int32 numArgs)
   at System.Windows.Threading.ExceptionWrapper.TryCatchWhen(Object source, Delegate callback, Object args, Int32 numArgs, Delegate catchHandler)
2025-10-22 16:49:32.090 [Error] Unhandled exception caught by App_DispatcherUnhandledException.: No se pueden resolver todas las referencias de propiedad en la ruta a la propiedad 'RenderTransform.ScaleX'. Compruebe que los objetos aplicables admitan las propiedades.
   at System.Windows.Media.Animation.Storyboard.VerifyPathIsAnimatable(PropertyPath path)
   at System.Windows.Media.Animation.Storyboard.ClockTreeWalkRecursive(Clock currentClock, DependencyObject containingObject, INameScope nameScope, DependencyObject parentObject, String parentObjectName, PropertyPath parentPropertyPath, HandoffBehavior handoffBehavior, HybridDictionary clockMappings, Int64 layer)
   at System.Windows.Media.Animation.Storyboard.ClockTreeWalkRecursive(Clock currentClock, DependencyObject containingObject, INameScope nameScope, DependencyObject parentObject, String parentObjectName, PropertyPath parentPropertyPath, HandoffBehavior handoffBehavior, HybridDictionary clockMappings, Int64 layer)
   at System.Windows.Media.Animation.Storyboard.BeginCommon(DependencyObject containingObject, INameScope nameScope, HandoffBehavior handoffBehavior, Boolean isControllable, Int64 layer)
   at System.Windows.Media.Animation.BeginStoryboard.Begin(DependencyObject targetObject, INameScope nameScope, Int64 layer)
   at System.Windows.StyleHelper.InvokeActions(TriggerBase triggerBase, DependencyObject triggerContainer, TriggerActionCollection actions, Style style, FrameworkTemplate frameworkTemplate)
   at System.Windows.StyleHelper.InvokePropertyTriggerActions(TriggerBase triggerBase, DependencyObject triggerContainer, DependencyProperty changedProperty, DependencyPropertyChangedEventArgs changedArgs, Int32 sourceChildIndex, Style style, FrameworkTemplate frameworkTemplate)
   at System.Windows.StyleHelper.OnTriggerSourcePropertyInvalidated(Style ownerStyle, FrameworkTemplate frameworkTemplate, DependencyObject container, DependencyProperty dp, DependencyPropertyChangedEventArgs changedArgs, Boolean invalidateOnlyContainer, FrugalStructList`1& triggerSourceRecordFromChildIndex, FrugalMap& propertyTriggersWithActions, Int32 sourceChildIndex)
   at System.Windows.FrameworkElement.OnPropertyChanged(DependencyPropertyChangedEventArgs e)
   at System.Windows.DependencyObject.NotifyPropertyChange(DependencyPropertyChangedEventArgs args)
   at System.Windows.DependencyObject.UpdateEffectiveValue(EntryIndex entryIndex, DependencyProperty dp, PropertyMetadata metadata, EffectiveValueEntry oldEntry, EffectiveValueEntry& newEntry, Boolean coerceWithDeferredReference, Boolean coerceWithCurrentValue, OperationType operationType)
   at System.Windows.DependencyObject.SetValueCommon(DependencyProperty dp, Object value, PropertyMetadata metadata, Boolean coerceWithDeferredReference, Boolean coerceWithCurrentValue, OperationType operationType, Boolean isInternal)
   at System.Windows.ReverseInheritProperty.FirePropertyChangeInAncestry(DependencyObject element, Boolean oldValue, DeferredElementTreeState treeState, Action`2 originChangedAction)
   at System.Windows.ReverseInheritProperty.FirePropertyChangeInAncestry(DependencyObject element, Boolean oldValue, DeferredElementTreeState treeState, Action`2 originChangedAction)
   at System.Windows.ReverseInheritProperty.OnOriginValueChanged(DependencyObject oldOrigin, DependencyObject newOrigin, IList`1 otherOrigins, DeferredElementTreeState& oldTreeState, Action`2 originChangedAction)
   at System.Windows.Input.MouseDevice.ChangeMouseOver(IInputElement mouseOver, Int32 timestamp)
   at System.Windows.Input.MouseDevice.PreNotifyInput(Object sender, NotifyInputEventArgs e)
   at System.Windows.Input.InputManager.ProcessStagingArea()
   at System.Windows.Interop.HwndMouseInputProvider.ReportInput(IntPtr hwnd, InputMode mode, Int32 timestamp, RawMouseActions actions, Int32 x, Int32 y, Int32 wheel)
   at System.Windows.Interop.HwndMouseInputProvider.FilterMessage(IntPtr hwnd, WindowMessage msg, IntPtr wParam, IntPtr lParam, Boolean& handled)
   at System.Windows.Interop.HwndSource.InputFilterMessage(IntPtr hwnd, Int32 msg, IntPtr wParam, IntPtr lParam, Boolean& handled)
   at MS.Win32.HwndWrapper.WndProc(IntPtr hwnd, Int32 msg, IntPtr wParam, IntPtr lParam, Boolean& handled)
   at System.Windows.Threading.ExceptionWrapper.InternalRealCall(Delegate callback, Object args, Int32 numArgs)
   at System.Windows.Threading.ExceptionWrapper.TryCatchWhen(Object source, Delegate callback, Object args, Int32 numArgs, Delegate catchHandler)
2025-10-22 16:49:32.275 [Error] Unhandled exception caught by App_DispatcherUnhandledException.: No se pueden resolver todas las referencias de propiedad en la ruta a la propiedad 'RenderTransform.ScaleX'. Compruebe que los objetos aplicables admitan las propiedades.
   at System.Windows.Media.Animation.Storyboard.VerifyPathIsAnimatable(PropertyPath path)
   at System.Windows.Media.Animation.Storyboard.ClockTreeWalkRecursive(Clock currentClock, DependencyObject containingObject, INameScope nameScope, DependencyObject parentObject, String parentObjectName, PropertyPath parentPropertyPath, HandoffBehavior handoffBehavior, HybridDictionary clockMappings, Int64 layer)
   at System.Windows.Media.Animation.Storyboard.ClockTreeWalkRecursive(Clock currentClock, DependencyObject containingObject, INameScope nameScope, DependencyObject parentObject, String parentObjectName, PropertyPath parentPropertyPath, HandoffBehavior handoffBehavior, HybridDictionary clockMappings, Int64 layer)
   at System.Windows.Media.Animation.Storyboard.BeginCommon(DependencyObject containingObject, INameScope nameScope, HandoffBehavior handoffBehavior, Boolean isControllable, Int64 layer)
   at System.Windows.Media.Animation.BeginStoryboard.Begin(DependencyObject targetObject, INameScope nameScope, Int64 layer)
   at System.Windows.StyleHelper.InvokeActions(TriggerBase triggerBase, DependencyObject triggerContainer, TriggerActionCollection actions, Style style, FrameworkTemplate frameworkTemplate)
   at System.Windows.StyleHelper.InvokePropertyTriggerActions(TriggerBase triggerBase, DependencyObject triggerContainer, DependencyProperty changedProperty, DependencyPropertyChangedEventArgs changedArgs, Int32 sourceChildIndex, Style style, FrameworkTemplate frameworkTemplate)
   at System.Windows.StyleHelper.OnTriggerSourcePropertyInvalidated(Style ownerStyle, FrameworkTemplate frameworkTemplate, DependencyObject container, DependencyProperty dp, DependencyPropertyChangedEventArgs changedArgs, Boolean invalidateOnlyContainer, FrugalStructList`1& triggerSourceRecordFromChildIndex, FrugalMap& propertyTriggersWithActions, Int32 sourceChildIndex)
   at System.Windows.FrameworkElement.OnPropertyChanged(DependencyPropertyChangedEventArgs e)
   at System.Windows.DependencyObject.NotifyPropertyChange(DependencyPropertyChangedEventArgs args)
   at System.Windows.DependencyObject.UpdateEffectiveValue(EntryIndex entryIndex, DependencyProperty dp, PropertyMetadata metadata, EffectiveValueEntry oldEntry, EffectiveValueEntry& newEntry, Boolean coerceWithDeferredReference, Boolean coerceWithCurrentValue, OperationType operationType)
   at System.Windows.DependencyObject.ClearValueCommon(EntryIndex entryIndex, DependencyProperty dp, PropertyMetadata metadata)
   at System.Windows.ReverseInheritProperty.FirePropertyChangeInAncestry(DependencyObject element, Boolean oldValue, DeferredElementTreeState treeState, Action`2 originChangedAction)
   at System.Windows.ReverseInheritProperty.FirePropertyChangeInAncestry(DependencyObject element, Boolean oldValue, DeferredElementTreeState treeState, Action`2 originChangedAction)
   at System.Windows.ReverseInheritProperty.OnOriginValueChanged(DependencyObject oldOrigin, DependencyObject newOrigin, IList`1 otherOrigins, DeferredElementTreeState& oldTreeState, Action`2 originChangedAction)
   at System.Windows.Input.MouseDevice.ChangeMouseOver(IInputElement mouseOver, Int32 timestamp)
   at System.Windows.Input.MouseDevice.PreProcessInput(Object sender, PreProcessInputEventArgs e)
   at System.Windows.Input.InputManager.ProcessStagingArea()
   at System.Windows.Interop.HwndMouseInputProvider.ReportInput(IntPtr hwnd, InputMode mode, Int32 timestamp, RawMouseActions actions, Int32 x, Int32 y, Int32 wheel)
   at System.Windows.Interop.HwndMouseInputProvider.PossiblyDeactivate(IntPtr hwndCapture, Boolean stillActiveIfOverSelf)
   at System.Windows.Interop.HwndMouseInputProvider.FilterMessage(IntPtr hwnd, WindowMessage msg, IntPtr wParam, IntPtr lParam, Boolean& handled)
   at System.Windows.Interop.HwndSource.InputFilterMessage(IntPtr hwnd, Int32 msg, IntPtr wParam, IntPtr lParam, Boolean& handled)
   at MS.Win32.HwndWrapper.WndProc(IntPtr hwnd, Int32 msg, IntPtr wParam, IntPtr lParam, Boolean& handled)
   at System.Windows.Threading.ExceptionWrapper.InternalRealCall(Delegate callback, Object args, Int32 numArgs)
   at System.Windows.Threading.ExceptionWrapper.TryCatchWhen(Object source, Delegate callback, Object args, Int32 numArgs, Delegate catchHandler)
2025-10-22 16:50:42.164 [Error] Unhandled exception caught by App_DispatcherUnhandledException.: No se pueden resolver todas las referencias de propiedad en la ruta a la propiedad 'RenderTransform.ScaleX'. Compruebe que los objetos aplicables admitan las propiedades.
   at System.Windows.Media.Animation.Storyboard.VerifyPathIsAnimatable(PropertyPath path)
   at System.Windows.Media.Animation.Storyboard.ClockTreeWalkRecursive(Clock currentClock, DependencyObject containingObject, INameScope nameScope, DependencyObject parentObject, String parentObjectName, PropertyPath parentPropertyPath, HandoffBehavior handoffBehavior, HybridDictionary clockMappings, Int64 layer)
   at System.Windows.Media.Animation.Storyboard.ClockTreeWalkRecursive(Clock currentClock, DependencyObject containingObject, INameScope nameScope, DependencyObject parentObject, String parentObjectName, PropertyPath parentPropertyPath, HandoffBehavior handoffBehavior, HybridDictionary clockMappings, Int64 layer)
   at System.Windows.Media.Animation.Storyboard.BeginCommon(DependencyObject containingObject, INameScope nameScope, HandoffBehavior handoffBehavior, Boolean isControllable, Int64 layer)
   at System.Windows.StyleHelper.InvokeActions(TriggerBase triggerBase, DependencyObject triggerContainer, TriggerActionCollection actions, Style style, FrameworkTemplate frameworkTemplate)
   at System.Windows.StyleHelper.InvokePropertyTriggerActions(TriggerBase triggerBase, DependencyObject triggerContainer, DependencyProperty changedProperty, DependencyPropertyChangedEventArgs changedArgs, Int32 sourceChildIndex, Style style, FrameworkTemplate frameworkTemplate)
   at System.Windows.StyleHelper.OnTriggerSourcePropertyInvalidated(Style ownerStyle, FrameworkTemplate frameworkTemplate, DependencyObject container, DependencyProperty dp, DependencyPropertyChangedEventArgs changedArgs, Boolean invalidateOnlyContainer, FrugalStructList`1& triggerSourceRecordFromChildIndex, FrugalMap& propertyTriggersWithActions, Int32 sourceChildIndex)
   at System.Windows.FrameworkElement.OnPropertyChanged(DependencyPropertyChangedEventArgs e)
   at System.Windows.DependencyObject.NotifyPropertyChange(DependencyPropertyChangedEventArgs args)
   at System.Windows.DependencyObject.UpdateEffectiveValue(EntryIndex entryIndex, DependencyProperty dp, PropertyMetadata metadata, EffectiveValueEntry oldEntry, EffectiveValueEntry& newEntry, Boolean coerceWithDeferredReference, Boolean coerceWithCurrentValue, OperationType operationType)
   at System.Windows.DependencyObject.SetValueCommon(DependencyProperty dp, Object value, PropertyMetadata metadata, Boolean coerceWithDeferredReference, Boolean coerceWithCurrentValue, OperationType operationType, Boolean isInternal)
   at System.Windows.ReverseInheritProperty.FirePropertyChangeInAncestry(DependencyObject element, Boolean oldValue, DeferredElementTreeState treeState, Action`2 originChangedAction)
   at System.Windows.ReverseInheritProperty.FirePropertyChangeInAncestry(DependencyObject element, Boolean oldValue, DeferredElementTreeState treeState, Action`2 originChangedAction)
   at System.Windows.ReverseInheritProperty.OnOriginValueChanged(DependencyObject oldOrigin, DependencyObject newOrigin, IList`1 otherOrigins, DeferredElementTreeState& oldTreeState, Action`2 originChangedAction)
   at System.Windows.Input.MouseDevice.ChangeMouseOver(IInputElement mouseOver, Int32 timestamp)
   at System.Windows.Input.MouseDevice.PreNotifyInput(Object sender, NotifyInputEventArgs e)
   at System.Windows.Input.InputManager.ProcessStagingArea()
   at System.Windows.Interop.HwndMouseInputProvider.ReportInput(IntPtr hwnd, InputMode mode, Int32 timestamp, RawMouseActions actions, Int32 x, Int32 y, Int32 wheel)
   at System.Windows.Interop.HwndMouseInputProvider.FilterMessage(IntPtr hwnd, WindowMessage msg, IntPtr wParam, IntPtr lParam, Boolean& handled)
   at System.Windows.Interop.HwndSource.InputFilterMessage(IntPtr hwnd, Int32 msg, IntPtr wParam, IntPtr lParam, Boolean& handled)
   at MS.Win32.HwndWrapper.WndProc(IntPtr hwnd, Int32 msg, IntPtr wParam, IntPtr lParam, Boolean& handled)
   at System.Windows.Threading.ExceptionWrapper.InternalRealCall(Delegate callback, Object args, Int32 numArgs)
   at System.Windows.Threading.ExceptionWrapper.TryCatchWhen(Object source, Delegate callback, Object args, Int32 numArgs, Delegate catchHandler)
2025-10-22 16:50:42.318 [Error] Unhandled exception caught by App_DispatcherUnhandledException.: No se pueden resolver todas las referencias de propiedad en la ruta a la propiedad 'RenderTransform.ScaleX'. Compruebe que los objetos aplicables admitan las propiedades.
   at System.Windows.Media.Animation.Storyboard.VerifyPathIsAnimatable(PropertyPath path)
   at System.Windows.Media.Animation.Storyboard.ClockTreeWalkRecursive(Clock currentClock, DependencyObject containingObject, INameScope nameScope, DependencyObject parentObject, String parentObjectName, PropertyPath parentPropertyPath, HandoffBehavior handoffBehavior, HybridDictionary clockMappings, Int64 layer)
   at System.Windows.Media.Animation.Storyboard.ClockTreeWalkRecursive(Clock currentClock, DependencyObject containingObject, INameScope nameScope, DependencyObject parentObject, String parentObjectName, PropertyPath parentPropertyPath, HandoffBehavior handoffBehavior, HybridDictionary clockMappings, Int64 layer)
   at System.Windows.Media.Animation.Storyboard.BeginCommon(DependencyObject containingObject, INameScope nameScope, HandoffBehavior handoffBehavior, Boolean isControllable, Int64 layer)
   at System.Windows.StyleHelper.InvokeActions(TriggerBase triggerBase, DependencyObject triggerContainer, TriggerActionCollection actions, Style style, FrameworkTemplate frameworkTemplate)
   at System.Windows.StyleHelper.InvokePropertyTriggerActions(TriggerBase triggerBase, DependencyObject triggerContainer, DependencyProperty changedProperty, DependencyPropertyChangedEventArgs changedArgs, Int32 sourceChildIndex, Style style, FrameworkTemplate frameworkTemplate)
   at System.Windows.StyleHelper.OnTriggerSourcePropertyInvalidated(Style ownerStyle, FrameworkTemplate frameworkTemplate, DependencyObject container, DependencyProperty dp, DependencyPropertyChangedEventArgs changedArgs, Boolean invalidateOnlyContainer, FrugalStructList`1& triggerSourceRecordFromChildIndex, FrugalMap& propertyTriggersWithActions, Int32 sourceChildIndex)
   at System.Windows.FrameworkElement.OnPropertyChanged(DependencyPropertyChangedEventArgs e)
   at System.Windows.DependencyObject.NotifyPropertyChange(DependencyPropertyChangedEventArgs args)
   at System.Windows.DependencyObject.UpdateEffectiveValue(EntryIndex entryIndex, DependencyProperty dp, PropertyMetadata metadata, EffectiveValueEntry oldEntry, EffectiveValueEntry& newEntry, Boolean coerceWithDeferredReference, Boolean coerceWithCurrentValue, OperationType operationType)
   at System.Windows.DependencyObject.ClearValueCommon(EntryIndex entryIndex, DependencyProperty dp, PropertyMetadata metadata)
   at System.Windows.ReverseInheritProperty.FirePropertyChangeInAncestry(DependencyObject element, Boolean oldValue, DeferredElementTreeState treeState, Action`2 originChangedAction)
   at System.Windows.ReverseInheritProperty.FirePropertyChangeInAncestry(DependencyObject element, Boolean oldValue, DeferredElementTreeState treeState, Action`2 originChangedAction)
   at System.Windows.ReverseInheritProperty.OnOriginValueChanged(DependencyObject oldOrigin, DependencyObject newOrigin, IList`1 otherOrigins, DeferredElementTreeState& oldTreeState, Action`2 originChangedAction)
   at System.Windows.Input.MouseDevice.ChangeMouseOver(IInputElement mouseOver, Int32 timestamp)
   at System.Windows.Input.MouseDevice.PreProcessInput(Object sender, PreProcessInputEventArgs e)
   at System.Windows.Input.InputManager.ProcessStagingArea()
   at System.Windows.Interop.HwndMouseInputProvider.ReportInput(IntPtr hwnd, InputMode mode, Int32 timestamp, RawMouseActions actions, Int32 x, Int32 y, Int32 wheel)
   at System.Windows.Interop.HwndMouseInputProvider.PossiblyDeactivate(IntPtr hwndCapture, Boolean stillActiveIfOverSelf)
   at System.Windows.Interop.HwndMouseInputProvider.FilterMessage(IntPtr hwnd, WindowMessage msg, IntPtr wParam, IntPtr lParam, Boolean& handled)
   at System.Windows.Interop.HwndSource.InputFilterMessage(IntPtr hwnd, Int32 msg, IntPtr wParam, IntPtr lParam, Boolean& handled)
   at MS.Win32.HwndWrapper.WndProc(IntPtr hwnd, Int32 msg, IntPtr wParam, IntPtr lParam, Boolean& handled)
   at System.Windows.Threading.ExceptionWrapper.InternalRealCall(Delegate callback, Object args, Int32 numArgs)
   at System.Windows.Threading.ExceptionWrapper.TryCatchWhen(Object source, Delegate callback, Object args, Int32 numArgs, Delegate catchHandler)
2025-10-22 16:56:44.592 [Info] Logger inicializado
2025-10-22 16:56:45.127 [Info] Applied theme: ComicClassic
2025-10-22 16:56:45.566 [Info] Initializing ComicPageLoader (empty constructor)
2025-10-22 16:56:45.710 [Info] Decode concurrency cap set to 3
2025-10-22 16:56:45.713 [Info] Prefetch window set to 4
2025-10-22 16:56:52.634 [Error] Unhandled exception caught by App_DispatcherUnhandledException.: No se pueden resolver todas las referencias de propiedad en la ruta a la propiedad 'RenderTransform.ScaleX'. Compruebe que los objetos aplicables admitan las propiedades.
   at System.Windows.Media.Animation.Storyboard.VerifyPathIsAnimatable(PropertyPath path)
   at System.Windows.Media.Animation.Storyboard.ClockTreeWalkRecursive(Clock currentClock, DependencyObject containingObject, INameScope nameScope, DependencyObject parentObject, String parentObjectName, PropertyPath parentPropertyPath, HandoffBehavior handoffBehavior, HybridDictionary clockMappings, Int64 layer)
   at System.Windows.Media.Animation.Storyboard.ClockTreeWalkRecursive(Clock currentClock, DependencyObject containingObject, INameScope nameScope, DependencyObject parentObject, String parentObjectName, PropertyPath parentPropertyPath, HandoffBehavior handoffBehavior, HybridDictionary clockMappings, Int64 layer)
   at System.Windows.Media.Animation.Storyboard.BeginCommon(DependencyObject containingObject, INameScope nameScope, HandoffBehavior handoffBehavior, Boolean isControllable, Int64 layer)
   at System.Windows.Media.Animation.BeginStoryboard.Begin(DependencyObject targetObject, INameScope nameScope, Int64 layer)
   at System.Windows.StyleHelper.InvokeActions(TriggerBase triggerBase, DependencyObject triggerContainer, TriggerActionCollection actions, Style style, FrameworkTemplate frameworkTemplate)
   at System.Windows.StyleHelper.OnTriggerSourcePropertyInvalidated(Style ownerStyle, FrameworkTemplate frameworkTemplate, DependencyObject container, DependencyProperty dp, DependencyPropertyChangedEventArgs changedArgs, Boolean invalidateOnlyContainer, FrugalStructList`1& triggerSourceRecordFromChildIndex, FrugalMap& propertyTriggersWithActions, Int32 sourceChildIndex)
   at System.Windows.FrameworkElement.OnPropertyChanged(DependencyPropertyChangedEventArgs e)
   at System.Windows.DependencyObject.NotifyPropertyChange(DependencyPropertyChangedEventArgs args)
   at System.Windows.DependencyObject.UpdateEffectiveValue(EntryIndex entryIndex, DependencyProperty dp, PropertyMetadata metadata, EffectiveValueEntry oldEntry, EffectiveValueEntry& newEntry, Boolean coerceWithDeferredReference, Boolean coerceWithCurrentValue, OperationType operationType)
   at System.Windows.DependencyObject.SetValueCommon(DependencyProperty dp, Object value, PropertyMetadata metadata, Boolean coerceWithDeferredReference, Boolean coerceWithCurrentValue, OperationType operationType, Boolean isInternal)
   at System.Windows.ReverseInheritProperty.FirePropertyChangeInAncestry(DependencyObject element, Boolean oldValue, DeferredElementTreeState treeState, Action`2 originChangedAction)
   at System.Windows.ReverseInheritProperty.FirePropertyChangeInAncestry(DependencyObject element, Boolean oldValue, DeferredElementTreeState treeState, Action`2 originChangedAction)
   at System.Windows.ReverseInheritProperty.OnOriginValueChanged(DependencyObject oldOrigin, DependencyObject newOrigin, IList`1 otherOrigins, DeferredElementTreeState& oldTreeState, Action`2 originChangedAction)
   at System.Windows.Input.MouseDevice.ChangeMouseOver(IInputElement mouseOver, Int32 timestamp)
   at System.Windows.Input.MouseDevice.PreNotifyInput(Object sender, NotifyInputEventArgs e)
   at System.Windows.Input.InputManager.ProcessStagingArea()
   at System.Windows.Input.InputProviderSite.ReportInput(InputReport inputReport)
   at System.Windows.Interop.HwndMouseInputProvider.ReportInput(IntPtr hwnd, InputMode mode, Int32 timestamp, RawMouseActions actions, Int32 x, Int32 y, Int32 wheel)
   at System.Windows.Interop.HwndMouseInputProvider.FilterMessage(IntPtr hwnd, WindowMessage msg, IntPtr wParam, IntPtr lParam, Boolean& handled)
   at System.Windows.Interop.HwndSource.InputFilterMessage(IntPtr hwnd, Int32 msg, IntPtr wParam, IntPtr lParam, Boolean& handled)
   at MS.Win32.HwndWrapper.WndProc(IntPtr hwnd, Int32 msg, IntPtr wParam, IntPtr lParam, Boolean& handled)
   at System.Windows.Threading.ExceptionWrapper.InternalRealCall(Delegate callback, Object args, Int32 numArgs)
   at System.Windows.Threading.ExceptionWrapper.TryCatchWhen(Object source, Delegate callback, Object args, Int32 numArgs, Delegate catchHandler)
2025-10-22 16:56:52.901 [Error] Unhandled exception caught by App_DispatcherUnhandledException.: No se pueden resolver todas las referencias de propiedad en la ruta a la propiedad 'RenderTransform.ScaleX'. Compruebe que los objetos aplicables admitan las propiedades.
   at System.Windows.Media.Animation.Storyboard.VerifyPathIsAnimatable(PropertyPath path)
   at System.Windows.Media.Animation.Storyboard.ClockTreeWalkRecursive(Clock currentClock, DependencyObject containingObject, INameScope nameScope, DependencyObject parentObject, String parentObjectName, PropertyPath parentPropertyPath, HandoffBehavior handoffBehavior, HybridDictionary clockMappings, Int64 layer)
   at System.Windows.Media.Animation.Storyboard.ClockTreeWalkRecursive(Clock currentClock, DependencyObject containingObject, INameScope nameScope, DependencyObject parentObject, String parentObjectName, PropertyPath parentPropertyPath, HandoffBehavior handoffBehavior, HybridDictionary clockMappings, Int64 layer)
   at System.Windows.Media.Animation.Storyboard.BeginCommon(DependencyObject containingObject, INameScope nameScope, HandoffBehavior handoffBehavior, Boolean isControllable, Int64 layer)
   at System.Windows.Media.Animation.BeginStoryboard.Begin(DependencyObject targetObject, INameScope nameScope, Int64 layer)
   at System.Windows.StyleHelper.InvokeActions(TriggerBase triggerBase, DependencyObject triggerContainer, TriggerActionCollection actions, Style style, FrameworkTemplate frameworkTemplate)
   at System.Windows.StyleHelper.OnTriggerSourcePropertyInvalidated(Style ownerStyle, FrameworkTemplate frameworkTemplate, DependencyObject container, DependencyProperty dp, DependencyPropertyChangedEventArgs changedArgs, Boolean invalidateOnlyContainer, FrugalStructList`1& triggerSourceRecordFromChildIndex, FrugalMap& propertyTriggersWithActions, Int32 sourceChildIndex)
   at System.Windows.FrameworkElement.OnPropertyChanged(DependencyPropertyChangedEventArgs e)
   at System.Windows.DependencyObject.NotifyPropertyChange(DependencyPropertyChangedEventArgs args)
   at System.Windows.DependencyObject.UpdateEffectiveValue(EntryIndex entryIndex, DependencyProperty dp, PropertyMetadata metadata, EffectiveValueEntry oldEntry, EffectiveValueEntry& newEntry, Boolean coerceWithDeferredReference, Boolean coerceWithCurrentValue, OperationType operationType)
   at System.Windows.DependencyObject.ClearValueCommon(EntryIndex entryIndex, DependencyProperty dp, PropertyMetadata metadata)
   at System.Windows.DependencyObject.ClearValue(DependencyPropertyKey key)
   at System.Windows.ReverseInheritProperty.FirePropertyChangeInAncestry(DependencyObject element, Boolean oldValue, DeferredElementTreeState treeState, Action`2 originChangedAction)
   at System.Windows.ReverseInheritProperty.FirePropertyChangeInAncestry(DependencyObject element, Boolean oldValue, DeferredElementTreeState treeState, Action`2 originChangedAction)
   at System.Windows.ReverseInheritProperty.OnOriginValueChanged(DependencyObject oldOrigin, DependencyObject newOrigin, IList`1 otherOrigins, DeferredElementTreeState& oldTreeState, Action`2 originChangedAction)
   at System.Windows.Input.MouseDevice.ChangeMouseOver(IInputElement mouseOver, Int32 timestamp)
   at System.Windows.Input.MouseDevice.PreProcessInput(Object sender, PreProcessInputEventArgs e)
   at System.Windows.Input.InputManager.ProcessStagingArea()
   at System.Windows.Input.InputProviderSite.ReportInput(InputReport inputReport)
   at System.Windows.Interop.HwndMouseInputProvider.ReportInput(IntPtr hwnd, InputMode mode, Int32 timestamp, RawMouseActions actions, Int32 x, Int32 y, Int32 wheel)
   at System.Windows.Interop.HwndMouseInputProvider.PossiblyDeactivate(IntPtr hwndCapture, Boolean stillActiveIfOverSelf)
   at System.Windows.Interop.HwndMouseInputProvider.FilterMessage(IntPtr hwnd, WindowMessage msg, IntPtr wParam, IntPtr lParam, Boolean& handled)
   at System.Windows.Interop.HwndSource.InputFilterMessage(IntPtr hwnd, Int32 msg, IntPtr wParam, IntPtr lParam, Boolean& handled)
   at MS.Win32.HwndWrapper.WndProc(IntPtr hwnd, Int32 msg, IntPtr wParam, IntPtr lParam, Boolean& handled)
   at System.Windows.Threading.ExceptionWrapper.InternalRealCall(Delegate callback, Object args, Int32 numArgs)
   at System.Windows.Threading.ExceptionWrapper.TryCatchWhen(Object source, Delegate callback, Object args, Int32 numArgs, Delegate catchHandler)
2025-10-22 16:56:57.980 [Error] Unhandled exception caught by App_DispatcherUnhandledException.: No se pueden resolver todas las referencias de propiedad en la ruta a la propiedad 'RenderTransform.ScaleX'. Compruebe que los objetos aplicables admitan las propiedades.
   at System.Windows.Media.Animation.Storyboard.VerifyPathIsAnimatable(PropertyPath path)
   at System.Windows.Media.Animation.Storyboard.ClockTreeWalkRecursive(Clock currentClock, DependencyObject containingObject, INameScope nameScope, DependencyObject parentObject, String parentObjectName, PropertyPath parentPropertyPath, HandoffBehavior handoffBehavior, HybridDictionary clockMappings, Int64 layer)
   at System.Windows.Media.Animation.Storyboard.ClockTreeWalkRecursive(Clock currentClock, DependencyObject containingObject, INameScope nameScope, DependencyObject parentObject, String parentObjectName, PropertyPath parentPropertyPath, HandoffBehavior handoffBehavior, HybridDictionary clockMappings, Int64 layer)
   at System.Windows.Media.Animation.Storyboard.BeginCommon(DependencyObject containingObject, INameScope nameScope, HandoffBehavior handoffBehavior, Boolean isControllable, Int64 layer)
   at System.Windows.Media.Animation.BeginStoryboard.Begin(DependencyObject targetObject, INameScope nameScope, Int64 layer)
   at System.Windows.StyleHelper.InvokeActions(TriggerBase triggerBase, DependencyObject triggerContainer, TriggerActionCollection actions, Style style, FrameworkTemplate frameworkTemplate)
   at System.Windows.StyleHelper.InvokePropertyTriggerActions(TriggerBase triggerBase, DependencyObject triggerContainer, DependencyProperty changedProperty, DependencyPropertyChangedEventArgs changedArgs, Int32 sourceChildIndex, Style style, FrameworkTemplate frameworkTemplate)
   at System.Windows.StyleHelper.OnTriggerSourcePropertyInvalidated(Style ownerStyle, FrameworkTemplate frameworkTemplate, DependencyObject container, DependencyProperty dp, DependencyPropertyChangedEventArgs changedArgs, Boolean invalidateOnlyContainer, FrugalStructList`1& triggerSourceRecordFromChildIndex, FrugalMap& propertyTriggersWithActions, Int32 sourceChildIndex)
   at System.Windows.FrameworkElement.OnPropertyChanged(DependencyPropertyChangedEventArgs e)
   at System.Windows.DependencyObject.NotifyPropertyChange(DependencyPropertyChangedEventArgs args)
   at System.Windows.DependencyObject.UpdateEffectiveValue(EntryIndex entryIndex, DependencyProperty dp, PropertyMetadata metadata, EffectiveValueEntry oldEntry, EffectiveValueEntry& newEntry, Boolean coerceWithDeferredReference, Boolean coerceWithCurrentValue, OperationType operationType)
   at System.Windows.DependencyObject.SetValueCommon(DependencyProperty dp, Object value, PropertyMetadata metadata, Boolean coerceWithDeferredReference, Boolean coerceWithCurrentValue, OperationType operationType, Boolean isInternal)
   at System.Windows.DependencyObject.SetValue(DependencyPropertyKey key, Object value)
   at System.Windows.ReverseInheritProperty.FirePropertyChangeInAncestry(DependencyObject element, Boolean oldValue, DeferredElementTreeState treeState, Action`2 originChangedAction)
   at System.Windows.ReverseInheritProperty.FirePropertyChangeInAncestry(DependencyObject element, Boolean oldValue, DeferredElementTreeState treeState, Action`2 originChangedAction)
   at System.Windows.ReverseInheritProperty.OnOriginValueChanged(DependencyObject oldOrigin, DependencyObject newOrigin, IList`1 otherOrigins, DeferredElementTreeState& oldTreeState, Action`2 originChangedAction)
   at System.Windows.Input.MouseDevice.ChangeMouseOver(IInputElement mouseOver, Int32 timestamp)
   at System.Windows.Input.MouseDevice.PreNotifyInput(Object sender, NotifyInputEventArgs e)
   at System.Windows.Input.InputManager.ProcessStagingArea()
   at System.Windows.Interop.HwndMouseInputProvider.ReportInput(IntPtr hwnd, InputMode mode, Int32 timestamp, RawMouseActions actions, Int32 x, Int32 y, Int32 wheel)
   at System.Windows.Interop.HwndMouseInputProvider.FilterMessage(IntPtr hwnd, WindowMessage msg, IntPtr wParam, IntPtr lParam, Boolean& handled)
   at System.Windows.Interop.HwndSource.InputFilterMessage(IntPtr hwnd, Int32 msg, IntPtr wParam, IntPtr lParam, Boolean& handled)
   at MS.Win32.HwndWrapper.WndProc(IntPtr hwnd, Int32 msg, IntPtr wParam, IntPtr lParam, Boolean& handled)
   at System.Windows.Threading.ExceptionWrapper.InternalRealCall(Delegate callback, Object args, Int32 numArgs)
   at System.Windows.Threading.ExceptionWrapper.TryCatchWhen(Object source, Delegate callback, Object args, Int32 numArgs, Delegate catchHandler)
2025-10-22 16:56:58.100 [Error] Unhandled exception caught by App_DispatcherUnhandledException.: No se pueden resolver todas las referencias de propiedad en la ruta a la propiedad 'RenderTransform.ScaleX'. Compruebe que los objetos aplicables admitan las propiedades.
   at System.Windows.Media.Animation.Storyboard.VerifyPathIsAnimatable(PropertyPath path)
   at System.Windows.Media.Animation.Storyboard.ClockTreeWalkRecursive(Clock currentClock, DependencyObject containingObject, INameScope nameScope, DependencyObject parentObject, String parentObjectName, PropertyPath parentPropertyPath, HandoffBehavior handoffBehavior, HybridDictionary clockMappings, Int64 layer)
   at System.Windows.Media.Animation.Storyboard.ClockTreeWalkRecursive(Clock currentClock, DependencyObject containingObject, INameScope nameScope, DependencyObject parentObject, String parentObjectName, PropertyPath parentPropertyPath, HandoffBehavior handoffBehavior, HybridDictionary clockMappings, Int64 layer)
   at System.Windows.Media.Animation.Storyboard.BeginCommon(DependencyObject containingObject, INameScope nameScope, HandoffBehavior handoffBehavior, Boolean isControllable, Int64 layer)
   at System.Windows.Media.Animation.BeginStoryboard.Begin(DependencyObject targetObject, INameScope nameScope, Int64 layer)
   at System.Windows.StyleHelper.InvokeActions(TriggerBase triggerBase, DependencyObject triggerContainer, TriggerActionCollection actions, Style style, FrameworkTemplate frameworkTemplate)
   at System.Windows.StyleHelper.InvokePropertyTriggerActions(TriggerBase triggerBase, DependencyObject triggerContainer, DependencyProperty changedProperty, DependencyPropertyChangedEventArgs changedArgs, Int32 sourceChildIndex, Style style, FrameworkTemplate frameworkTemplate)
   at System.Windows.StyleHelper.OnTriggerSourcePropertyInvalidated(Style ownerStyle, FrameworkTemplate frameworkTemplate, DependencyObject container, DependencyProperty dp, DependencyPropertyChangedEventArgs changedArgs, Boolean invalidateOnlyContainer, FrugalStructList`1& triggerSourceRecordFromChildIndex, FrugalMap& propertyTriggersWithActions, Int32 sourceChildIndex)
   at System.Windows.FrameworkElement.OnPropertyChanged(DependencyPropertyChangedEventArgs e)
   at System.Windows.DependencyObject.NotifyPropertyChange(DependencyPropertyChangedEventArgs args)
   at System.Windows.DependencyObject.UpdateEffectiveValue(EntryIndex entryIndex, DependencyProperty dp, PropertyMetadata metadata, EffectiveValueEntry oldEntry, EffectiveValueEntry& newEntry, Boolean coerceWithDeferredReference, Boolean coerceWithCurrentValue, OperationType operationType)
   at System.Windows.DependencyObject.ClearValueCommon(EntryIndex entryIndex, DependencyProperty dp, PropertyMetadata metadata)
   at System.Windows.ReverseInheritProperty.FirePropertyChangeInAncestry(DependencyObject element, Boolean oldValue, DeferredElementTreeState treeState, Action`2 originChangedAction)
   at System.Windows.ReverseInheritProperty.FirePropertyChangeInAncestry(DependencyObject element, Boolean oldValue, DeferredElementTreeState treeState, Action`2 originChangedAction)
   at System.Windows.ReverseInheritProperty.OnOriginValueChanged(DependencyObject oldOrigin, DependencyObject newOrigin, IList`1 otherOrigins, DeferredElementTreeState& oldTreeState, Action`2 originChangedAction)
   at System.Windows.Input.MouseDevice.ChangeMouseOver(IInputElement mouseOver, Int32 timestamp)
   at System.Windows.Input.MouseDevice.PreProcessInput(Object sender, PreProcessInputEventArgs e)
   at System.Windows.Input.InputManager.ProcessStagingArea()
   at System.Windows.Interop.HwndMouseInputProvider.ReportInput(IntPtr hwnd, InputMode mode, Int32 timestamp, RawMouseActions actions, Int32 x, Int32 y, Int32 wheel)
   at System.Windows.Interop.HwndMouseInputProvider.PossiblyDeactivate(IntPtr hwndCapture, Boolean stillActiveIfOverSelf)
   at System.Windows.Interop.HwndMouseInputProvider.FilterMessage(IntPtr hwnd, WindowMessage msg, IntPtr wParam, IntPtr lParam, Boolean& handled)
   at System.Windows.Interop.HwndSource.InputFilterMessage(IntPtr hwnd, Int32 msg, IntPtr wParam, IntPtr lParam, Boolean& handled)
   at MS.Win32.HwndWrapper.WndProc(IntPtr hwnd, Int32 msg, IntPtr wParam, IntPtr lParam, Boolean& handled)
   at System.Windows.Threading.ExceptionWrapper.InternalRealCall(Delegate callback, Object args, Int32 numArgs)
   at System.Windows.Threading.ExceptionWrapper.TryCatchWhen(Object source, Delegate callback, Object args, Int32 numArgs, Delegate catchHandler)
2025-10-22 16:57:05.344 [Error] Unhandled exception caught by App_DispatcherUnhandledException.: No se pueden resolver todas las referencias de propiedad en la ruta a la propiedad 'RenderTransform.ScaleX'. Compruebe que los objetos aplicables admitan las propiedades.
   at System.Windows.Media.Animation.Storyboard.VerifyPathIsAnimatable(PropertyPath path)
   at System.Windows.Media.Animation.Storyboard.ClockTreeWalkRecursive(Clock currentClock, DependencyObject containingObject, INameScope nameScope, DependencyObject parentObject, String parentObjectName, PropertyPath parentPropertyPath, HandoffBehavior handoffBehavior, HybridDictionary clockMappings, Int64 layer)
   at System.Windows.Media.Animation.Storyboard.ClockTreeWalkRecursive(Clock currentClock, DependencyObject containingObject, INameScope nameScope, DependencyObject parentObject, String parentObjectName, PropertyPath parentPropertyPath, HandoffBehavior handoffBehavior, HybridDictionary clockMappings, Int64 layer)
   at System.Windows.Media.Animation.Storyboard.BeginCommon(DependencyObject containingObject, INameScope nameScope, HandoffBehavior handoffBehavior, Boolean isControllable, Int64 layer)
   at System.Windows.Media.Animation.BeginStoryboard.Begin(DependencyObject targetObject, INameScope nameScope, Int64 layer)
   at System.Windows.StyleHelper.InvokeActions(TriggerBase triggerBase, DependencyObject triggerContainer, TriggerActionCollection actions, Style style, FrameworkTemplate frameworkTemplate)
   at System.Windows.StyleHelper.InvokePropertyTriggerActions(TriggerBase triggerBase, DependencyObject triggerContainer, DependencyProperty changedProperty, DependencyPropertyChangedEventArgs changedArgs, Int32 sourceChildIndex, Style style, FrameworkTemplate frameworkTemplate)
   at System.Windows.StyleHelper.OnTriggerSourcePropertyInvalidated(Style ownerStyle, FrameworkTemplate frameworkTemplate, DependencyObject container, DependencyProperty dp, DependencyPropertyChangedEventArgs changedArgs, Boolean invalidateOnlyContainer, FrugalStructList`1& triggerSourceRecordFromChildIndex, FrugalMap& propertyTriggersWithActions, Int32 sourceChildIndex)
   at System.Windows.FrameworkElement.OnPropertyChanged(DependencyPropertyChangedEventArgs e)
   at System.Windows.DependencyObject.NotifyPropertyChange(DependencyPropertyChangedEventArgs args)
   at System.Windows.DependencyObject.UpdateEffectiveValue(EntryIndex entryIndex, DependencyProperty dp, PropertyMetadata metadata, EffectiveValueEntry oldEntry, EffectiveValueEntry& newEntry, Boolean coerceWithDeferredReference, Boolean coerceWithCurrentValue, OperationType operationType)
   at System.Windows.DependencyObject.SetValueCommon(DependencyProperty dp, Object value, PropertyMetadata metadata, Boolean coerceWithDeferredReference, Boolean coerceWithCurrentValue, OperationType operationType, Boolean isInternal)
   at System.Windows.DependencyObject.SetValue(DependencyPropertyKey key, Object value)
   at System.Windows.ReverseInheritProperty.FirePropertyChangeInAncestry(DependencyObject element, Boolean oldValue, DeferredElementTreeState treeState, Action`2 originChangedAction)
   at System.Windows.ReverseInheritProperty.FirePropertyChangeInAncestry(DependencyObject element, Boolean oldValue, DeferredElementTreeState treeState, Action`2 originChangedAction)
   at System.Windows.ReverseInheritProperty.OnOriginValueChanged(DependencyObject oldOrigin, DependencyObject newOrigin, IList`1 otherOrigins, DeferredElementTreeState& oldTreeState, Action`2 originChangedAction)
   at System.Windows.Input.MouseDevice.ChangeMouseOver(IInputElement mouseOver, Int32 timestamp)
   at System.Windows.Input.MouseDevice.PreNotifyInput(Object sender, NotifyInputEventArgs e)
   at System.Windows.Input.InputManager.ProcessStagingArea()
   at System.Windows.Interop.HwndMouseInputProvider.ReportInput(IntPtr hwnd, InputMode mode, Int32 timestamp, RawMouseActions actions, Int32 x, Int32 y, Int32 wheel)
   at System.Windows.Interop.HwndMouseInputProvider.FilterMessage(IntPtr hwnd, WindowMessage msg, IntPtr wParam, IntPtr lParam, Boolean& handled)
   at System.Windows.Interop.HwndSource.InputFilterMessage(IntPtr hwnd, Int32 msg, IntPtr wParam, IntPtr lParam, Boolean& handled)
   at MS.Win32.HwndWrapper.WndProc(IntPtr hwnd, Int32 msg, IntPtr wParam, IntPtr lParam, Boolean& handled)
   at System.Windows.Threading.ExceptionWrapper.InternalRealCall(Delegate callback, Object args, Int32 numArgs)
   at System.Windows.Threading.ExceptionWrapper.TryCatchWhen(Object source, Delegate callback, Object args, Int32 numArgs, Delegate catchHandler)
2025-10-22 16:57:05.481 [Error] Unhandled exception caught by App_DispatcherUnhandledException.: No se pueden resolver todas las referencias de propiedad en la ruta a la propiedad 'RenderTransform.ScaleX'. Compruebe que los objetos aplicables admitan las propiedades.
   at System.Windows.Media.Animation.Storyboard.VerifyPathIsAnimatable(PropertyPath path)
   at System.Windows.Media.Animation.Storyboard.ClockTreeWalkRecursive(Clock currentClock, DependencyObject containingObject, INameScope nameScope, DependencyObject parentObject, String parentObjectName, PropertyPath parentPropertyPath, HandoffBehavior handoffBehavior, HybridDictionary clockMappings, Int64 layer)
   at System.Windows.Media.Animation.Storyboard.ClockTreeWalkRecursive(Clock currentClock, DependencyObject containingObject, INameScope nameScope, DependencyObject parentObject, String parentObjectName, PropertyPath parentPropertyPath, HandoffBehavior handoffBehavior, HybridDictionary clockMappings, Int64 layer)
   at System.Windows.Media.Animation.Storyboard.BeginCommon(DependencyObject containingObject, INameScope nameScope, HandoffBehavior handoffBehavior, Boolean isControllable, Int64 layer)
   at System.Windows.Media.Animation.BeginStoryboard.Begin(DependencyObject targetObject, INameScope nameScope, Int64 layer)
   at System.Windows.StyleHelper.InvokeActions(TriggerBase triggerBase, DependencyObject triggerContainer, TriggerActionCollection actions, Style style, FrameworkTemplate frameworkTemplate)
   at System.Windows.StyleHelper.InvokePropertyTriggerActions(TriggerBase triggerBase, DependencyObject triggerContainer, DependencyProperty changedProperty, DependencyPropertyChangedEventArgs changedArgs, Int32 sourceChildIndex, Style style, FrameworkTemplate frameworkTemplate)
   at System.Windows.StyleHelper.OnTriggerSourcePropertyInvalidated(Style ownerStyle, FrameworkTemplate frameworkTemplate, DependencyObject container, DependencyProperty dp, DependencyPropertyChangedEventArgs changedArgs, Boolean invalidateOnlyContainer, FrugalStructList`1& triggerSourceRecordFromChildIndex, FrugalMap& propertyTriggersWithActions, Int32 sourceChildIndex)
   at System.Windows.FrameworkElement.OnPropertyChanged(DependencyPropertyChangedEventArgs e)
   at System.Windows.DependencyObject.NotifyPropertyChange(DependencyPropertyChangedEventArgs args)
   at System.Windows.DependencyObject.UpdateEffectiveValue(EntryIndex entryIndex, DependencyProperty dp, PropertyMetadata metadata, EffectiveValueEntry oldEntry, EffectiveValueEntry& newEntry, Boolean coerceWithDeferredReference, Boolean coerceWithCurrentValue, OperationType operationType)
   at System.Windows.DependencyObject.ClearValueCommon(EntryIndex entryIndex, DependencyProperty dp, PropertyMetadata metadata)
   at System.Windows.ReverseInheritProperty.FirePropertyChangeInAncestry(DependencyObject element, Boolean oldValue, DeferredElementTreeState treeState, Action`2 originChangedAction)
   at System.Windows.ReverseInheritProperty.FirePropertyChangeInAncestry(DependencyObject element, Boolean oldValue, DeferredElementTreeState treeState, Action`2 originChangedAction)
   at System.Windows.ReverseInheritProperty.OnOriginValueChanged(DependencyObject oldOrigin, DependencyObject newOrigin, IList`1 otherOrigins, DeferredElementTreeState& oldTreeState, Action`2 originChangedAction)
   at System.Windows.Input.MouseDevice.ChangeMouseOver(IInputElement mouseOver, Int32 timestamp)
   at System.Windows.Input.MouseDevice.PreProcessInput(Object sender, PreProcessInputEventArgs e)
   at System.Windows.Input.InputManager.ProcessStagingArea()
   at System.Windows.Interop.HwndMouseInputProvider.ReportInput(IntPtr hwnd, InputMode mode, Int32 timestamp, RawMouseActions actions, Int32 x, Int32 y, Int32 wheel)
   at System.Windows.Interop.HwndMouseInputProvider.PossiblyDeactivate(IntPtr hwndCapture, Boolean stillActiveIfOverSelf)
   at System.Windows.Interop.HwndMouseInputProvider.FilterMessage(IntPtr hwnd, WindowMessage msg, IntPtr wParam, IntPtr lParam, Boolean& handled)
   at System.Windows.Interop.HwndSource.InputFilterMessage(IntPtr hwnd, Int32 msg, IntPtr wParam, IntPtr lParam, Boolean& handled)
   at MS.Win32.HwndWrapper.WndProc(IntPtr hwnd, Int32 msg, IntPtr wParam, IntPtr lParam, Boolean& handled)
   at System.Windows.Threading.ExceptionWrapper.InternalRealCall(Delegate callback, Object args, Int32 numArgs)
   at System.Windows.Threading.ExceptionWrapper.TryCatchWhen(Object source, Delegate callback, Object args, Int32 numArgs, Delegate catchHandler)
2025-10-22 16:57:10.767 [Error] Unhandled exception caught by App_DispatcherUnhandledException.: No se pueden resolver todas las referencias de propiedad en la ruta a la propiedad 'RenderTransform.ScaleX'. Compruebe que los objetos aplicables admitan las propiedades.
   at System.Windows.Media.Animation.Storyboard.VerifyPathIsAnimatable(PropertyPath path)
   at System.Windows.Media.Animation.Storyboard.ClockTreeWalkRecursive(Clock currentClock, DependencyObject containingObject, INameScope nameScope, DependencyObject parentObject, String parentObjectName, PropertyPath parentPropertyPath, HandoffBehavior handoffBehavior, HybridDictionary clockMappings, Int64 layer)
   at System.Windows.Media.Animation.Storyboard.ClockTreeWalkRecursive(Clock currentClock, DependencyObject containingObject, INameScope nameScope, DependencyObject parentObject, String parentObjectName, PropertyPath parentPropertyPath, HandoffBehavior handoffBehavior, HybridDictionary clockMappings, Int64 layer)
   at System.Windows.Media.Animation.Storyboard.BeginCommon(DependencyObject containingObject, INameScope nameScope, HandoffBehavior handoffBehavior, Boolean isControllable, Int64 layer)
   at System.Windows.Media.Animation.BeginStoryboard.Begin(DependencyObject targetObject, INameScope nameScope, Int64 layer)
   at System.Windows.StyleHelper.InvokeActions(TriggerBase triggerBase, DependencyObject triggerContainer, TriggerActionCollection actions, Style style, FrameworkTemplate frameworkTemplate)
   at System.Windows.StyleHelper.InvokePropertyTriggerActions(TriggerBase triggerBase, DependencyObject triggerContainer, DependencyProperty changedProperty, DependencyPropertyChangedEventArgs changedArgs, Int32 sourceChildIndex, Style style, FrameworkTemplate frameworkTemplate)
   at System.Windows.StyleHelper.OnTriggerSourcePropertyInvalidated(Style ownerStyle, FrameworkTemplate frameworkTemplate, DependencyObject container, DependencyProperty dp, DependencyPropertyChangedEventArgs changedArgs, Boolean invalidateOnlyContainer, FrugalStructList`1& triggerSourceRecordFromChildIndex, FrugalMap& propertyTriggersWithActions, Int32 sourceChildIndex)
   at System.Windows.FrameworkElement.OnPropertyChanged(DependencyPropertyChangedEventArgs e)
   at System.Windows.DependencyObject.NotifyPropertyChange(DependencyPropertyChangedEventArgs args)
   at System.Windows.DependencyObject.UpdateEffectiveValue(EntryIndex entryIndex, DependencyProperty dp, PropertyMetadata metadata, EffectiveValueEntry oldEntry, EffectiveValueEntry& newEntry, Boolean coerceWithDeferredReference, Boolean coerceWithCurrentValue, OperationType operationType)
   at System.Windows.DependencyObject.SetValueCommon(DependencyProperty dp, Object value, PropertyMetadata metadata, Boolean coerceWithDeferredReference, Boolean coerceWithCurrentValue, OperationType operationType, Boolean isInternal)
   at System.Windows.DependencyObject.SetValue(DependencyPropertyKey key, Object value)
   at System.Windows.ReverseInheritProperty.FirePropertyChangeInAncestry(DependencyObject element, Boolean oldValue, DeferredElementTreeState treeState, Action`2 originChangedAction)
   at System.Windows.ReverseInheritProperty.FirePropertyChangeInAncestry(DependencyObject element, Boolean oldValue, DeferredElementTreeState treeState, Action`2 originChangedAction)
   at System.Windows.ReverseInheritProperty.OnOriginValueChanged(DependencyObject oldOrigin, DependencyObject newOrigin, IList`1 otherOrigins, DeferredElementTreeState& oldTreeState, Action`2 originChangedAction)
   at System.Windows.Input.MouseDevice.ChangeMouseOver(IInputElement mouseOver, Int32 timestamp)
   at System.Windows.Input.MouseDevice.PreNotifyInput(Object sender, NotifyInputEventArgs e)
   at System.Windows.Input.InputManager.ProcessStagingArea()
   at System.Windows.Interop.HwndMouseInputProvider.ReportInput(IntPtr hwnd, InputMode mode, Int32 timestamp, RawMouseActions actions, Int32 x, Int32 y, Int32 wheel)
   at System.Windows.Interop.HwndMouseInputProvider.FilterMessage(IntPtr hwnd, WindowMessage msg, IntPtr wParam, IntPtr lParam, Boolean& handled)
   at System.Windows.Interop.HwndSource.InputFilterMessage(IntPtr hwnd, Int32 msg, IntPtr wParam, IntPtr lParam, Boolean& handled)
   at MS.Win32.HwndWrapper.WndProc(IntPtr hwnd, Int32 msg, IntPtr wParam, IntPtr lParam, Boolean& handled)
   at System.Windows.Threading.ExceptionWrapper.InternalRealCall(Delegate callback, Object args, Int32 numArgs)
   at System.Windows.Threading.ExceptionWrapper.TryCatchWhen(Object source, Delegate callback, Object args, Int32 numArgs, Delegate catchHandler)
2025-10-22 16:57:10.979 [Error] Unhandled exception caught by App_DispatcherUnhandledException.: No se pueden resolver todas las referencias de propiedad en la ruta a la propiedad 'RenderTransform.ScaleX'. Compruebe que los objetos aplicables admitan las propiedades.
   at System.Windows.Media.Animation.Storyboard.VerifyPathIsAnimatable(PropertyPath path)
   at System.Windows.Media.Animation.Storyboard.ClockTreeWalkRecursive(Clock currentClock, DependencyObject containingObject, INameScope nameScope, DependencyObject parentObject, String parentObjectName, PropertyPath parentPropertyPath, HandoffBehavior handoffBehavior, HybridDictionary clockMappings, Int64 layer)
   at System.Windows.Media.Animation.Storyboard.ClockTreeWalkRecursive(Clock currentClock, DependencyObject containingObject, INameScope nameScope, DependencyObject parentObject, String parentObjectName, PropertyPath parentPropertyPath, HandoffBehavior handoffBehavior, HybridDictionary clockMappings, Int64 layer)
   at System.Windows.Media.Animation.Storyboard.BeginCommon(DependencyObject containingObject, INameScope nameScope, HandoffBehavior handoffBehavior, Boolean isControllable, Int64 layer)
   at System.Windows.Media.Animation.BeginStoryboard.Begin(DependencyObject targetObject, INameScope nameScope, Int64 layer)
   at System.Windows.StyleHelper.InvokeActions(TriggerBase triggerBase, DependencyObject triggerContainer, TriggerActionCollection actions, Style style, FrameworkTemplate frameworkTemplate)
   at System.Windows.StyleHelper.InvokePropertyTriggerActions(TriggerBase triggerBase, DependencyObject triggerContainer, DependencyProperty changedProperty, DependencyPropertyChangedEventArgs changedArgs, Int32 sourceChildIndex, Style style, FrameworkTemplate frameworkTemplate)
   at System.Windows.StyleHelper.OnTriggerSourcePropertyInvalidated(Style ownerStyle, FrameworkTemplate frameworkTemplate, DependencyObject container, DependencyProperty dp, DependencyPropertyChangedEventArgs changedArgs, Boolean invalidateOnlyContainer, FrugalStructList`1& triggerSourceRecordFromChildIndex, FrugalMap& propertyTriggersWithActions, Int32 sourceChildIndex)
   at System.Windows.FrameworkElement.OnPropertyChanged(DependencyPropertyChangedEventArgs e)
   at System.Windows.DependencyObject.NotifyPropertyChange(DependencyPropertyChangedEventArgs args)
   at System.Windows.DependencyObject.UpdateEffectiveValue(EntryIndex entryIndex, DependencyProperty dp, PropertyMetadata metadata, EffectiveValueEntry oldEntry, EffectiveValueEntry& newEntry, Boolean coerceWithDeferredReference, Boolean coerceWithCurrentValue, OperationType operationType)
   at System.Windows.DependencyObject.ClearValueCommon(EntryIndex entryIndex, DependencyProperty dp, PropertyMetadata metadata)
   at System.Windows.ReverseInheritProperty.FirePropertyChangeInAncestry(DependencyObject element, Boolean oldValue, DeferredElementTreeState treeState, Action`2 originChangedAction)
   at System.Windows.ReverseInheritProperty.FirePropertyChangeInAncestry(DependencyObject element, Boolean oldValue, DeferredElementTreeState treeState, Action`2 originChangedAction)
   at System.Windows.ReverseInheritProperty.OnOriginValueChanged(DependencyObject oldOrigin, DependencyObject newOrigin, IList`1 otherOrigins, DeferredElementTreeState& oldTreeState, Action`2 originChangedAction)
   at System.Windows.Input.MouseDevice.ChangeMouseOver(IInputElement mouseOver, Int32 timestamp)
   at System.Windows.Input.MouseDevice.PreProcessInput(Object sender, PreProcessInputEventArgs e)
   at System.Windows.Input.InputManager.ProcessStagingArea()
   at System.Windows.Interop.HwndMouseInputProvider.ReportInput(IntPtr hwnd, InputMode mode, Int32 timestamp, RawMouseActions actions, Int32 x, Int32 y, Int32 wheel)
   at System.Windows.Interop.HwndMouseInputProvider.PossiblyDeactivate(IntPtr hwndCapture, Boolean stillActiveIfOverSelf)
   at System.Windows.Interop.HwndMouseInputProvider.FilterMessage(IntPtr hwnd, WindowMessage msg, IntPtr wParam, IntPtr lParam, Boolean& handled)
   at System.Windows.Interop.HwndSource.InputFilterMessage(IntPtr hwnd, Int32 msg, IntPtr wParam, IntPtr lParam, Boolean& handled)
   at MS.Win32.HwndWrapper.WndProc(IntPtr hwnd, Int32 msg, IntPtr wParam, IntPtr lParam, Boolean& handled)
   at System.Windows.Threading.ExceptionWrapper.InternalRealCall(Delegate callback, Object args, Int32 numArgs)
   at System.Windows.Threading.ExceptionWrapper.TryCatchWhen(Object source, Delegate callback, Object args, Int32 numArgs, Delegate catchHandler)
2025-10-22 17:02:52.901 [Info] Logger inicializado
2025-10-22 17:02:53.460 [Info] Applied theme: ComicClassic
2025-10-22 17:02:53.859 [Info] Initializing ComicPageLoader (empty constructor)
2025-10-22 17:02:53.986 [Info] Decode concurrency cap set to 3
2025-10-22 17:02:53.988 [Info] Prefetch window set to 4
2025-10-22 17:03:05.545 [Info] Applied theme: ComicClassic
2025-10-22 17:03:10.733 [Info] Applied theme: ComicClassic
2025-10-22 17:03:13.287 [Info] Applied theme: ComicClassic
2025-10-22 20:13:36.574 [Info] Logger inicializado
2025-10-22 20:13:37.094 [Info] Applied theme: ComicClassic
2025-10-22 20:13:37.414 [Info] Initializing ComicPageLoader (empty constructor)
2025-10-22 20:13:37.583 [Info] Decode concurrency cap set to 3
2025-10-22 20:13:37.585 [Info] Prefetch window set to 4
2025-10-22 20:22:49.065 [Info] Logger inicializado
2025-10-22 20:22:49.697 [Info] Applied theme: ComicClassic
2025-10-22 20:22:50.112 [Info] Initializing ComicPageLoader (empty constructor)
2025-10-22 20:22:50.296 [Info] Decode concurrency cap set to 3
2025-10-22 20:22:50.298 [Info] Prefetch window set to 4
2025-10-22 20:23:00.881 [Info] Applied theme: ComicClassic
2025-10-22 20:23:03.228 [Info] Applied theme: ComicClassic
2025-10-22 20:27:39.976 [Info] Logger inicializado
2025-10-22 20:27:40.306 [Info] Applied theme: ComicClassic
2025-10-22 20:27:40.526 [Info] Initializing ComicPageLoader (empty constructor)
2025-10-22 20:27:40.641 [Info] Decode concurrency cap set to 3
2025-10-22 20:27:40.642 [Info] Prefetch window set to 4
2025-10-22 20:27:48.014 [Info] Applied theme: ComicClassic
2025-10-22 20:27:49.391 [Info] Applied theme: ComicClassic
2025-10-22 20:31:34.917 [Info] Logger inicializado
2025-10-22 20:31:36.234 [Info] Applied theme: ComicClassic
2025-10-22 20:31:37.057 [Info] Initializing ComicPageLoader (empty constructor)
2025-10-22 20:31:37.457 [Info] Decode concurrency cap set to 3
2025-10-22 20:31:37.510 [Info] Prefetch window set to 4
2025-10-22 20:39:11.156 [Info] Logger inicializado
2025-10-22 20:39:11.852 [Info] Applied theme: ComicClassic
2025-10-22 20:39:13.144 [Info] Initializing ComicPageLoader (empty constructor)
2025-10-22 20:39:13.449 [Info] Decode concurrency cap set to 3
2025-10-22 20:39:13.464 [Info] Prefetch window set to 4
2025-10-22 20:39:44.530 [Info] Applied theme: ComicClassic
2025-10-22 20:43:05.861 [Info] Logger inicializado
2025-10-22 20:43:06.339 [Info] Applied theme: ComicClassic
2025-10-22 20:43:06.910 [Info] Initializing ComicPageLoader (empty constructor)
2025-10-22 20:43:07.274 [Info] Decode concurrency cap set to 3
2025-10-22 20:43:07.279 [Info] Prefetch window set to 4
2025-10-22 20:43:18.061 [Info] Applied theme: ComicClassic
2025-10-22 21:41:16.141 [Info] Logger inicializado
2025-10-22 21:41:16.824 [Info] Applied theme: ComicClassic
2025-10-22 21:41:17.217 [Info] Initializing ComicPageLoader (empty constructor)
2025-10-22 21:41:17.447 [Info] Decode concurrency cap set to 3
2025-10-22 21:41:17.455 [Info] Prefetch window set to 4
2025-10-22 21:41:40.161 [Info] Applied theme: ComicClassic
2025-10-22 21:52:50.522 [Info] Logger inicializado
2025-10-22 21:52:51.098 [Info] Applied theme: ComicClassic
2025-10-22 21:52:51.435 [Info] Initializing ComicPageLoader (empty constructor)
2025-10-22 21:52:51.600 [Info] Decode concurrency cap set to 3
2025-10-22 21:52:51.602 [Info] Prefetch window set to 4
2025-10-22 22:12:55.168 [Info] Logger inicializado
2025-10-22 22:12:55.611 [Info] Applied theme: ComicClassic
2025-10-22 22:12:55.889 [Info] Initializing ComicPageLoader (empty constructor)
2025-10-22 22:12:56.015 [Info] Decode concurrency cap set to 3
2025-10-22 22:12:56.018 [Info] Prefetch window set to 4
2025-10-22 22:13:09.566 [Info] Applied theme: ComicClassic
2025-10-22 22:34:08.569 [Info] Logger inicializado
2025-10-22 22:34:08.903 [Info] Applied theme: ComicClassic
2025-10-22 22:34:09.201 [Info] Initializing ComicPageLoader (empty constructor)
2025-10-22 22:34:09.336 [Info] Decode concurrency cap set to 3
2025-10-22 22:34:09.339 [Info] Prefetch window set to 4
2025-10-22 22:52:44.349 [Info] Logger inicializado
2025-10-22 22:52:44.583 [Info] Applied theme: ComicClassic
2025-10-22 22:52:44.779 [Info] Initializing ComicPageLoader (empty constructor)
2025-10-22 22:52:44.901 [Info] Decode concurrency cap set to 3
2025-10-22 22:52:44.903 [Info] Prefetch window set to 4
2025-10-22 22:53:57.325 [Info] Logger inicializado
2025-10-22 22:53:57.739 [Info] Applied theme: ComicClassic
2025-10-22 22:53:58.080 [Info] Initializing ComicPageLoader (empty constructor)
2025-10-22 22:53:58.182 [Info] Decode concurrency cap set to 3
2025-10-22 22:53:58.184 [Info] Prefetch window set to 4
2025-10-22 23:01:44.050 [Info] Logger inicializado
2025-10-22 23:01:44.285 [Info] Applied theme: ComicClassic
2025-10-22 23:01:44.502 [Info] Initializing ComicPageLoader (empty constructor)
2025-10-22 23:01:44.597 [Info] Decode concurrency cap set to 3
2025-10-22 23:01:44.599 [Info] Prefetch window set to 4
2025-10-22 23:07:59.446 [Info] Logger inicializado
2025-10-22 23:07:59.730 [Info] Applied theme: ComicClassic
2025-10-22 23:08:00.025 [Info] Initializing ComicPageLoader (empty constructor)
2025-10-22 23:08:00.156 [Info] Decode concurrency cap set to 3
2025-10-22 23:08:00.158 [Info] Prefetch window set to 4
2025-10-22 23:09:00.290 [Info] Logger inicializado
2025-10-22 23:09:00.529 [Info] Applied theme: ComicClassic
2025-10-22 23:09:00.860 [Info] Initializing ComicPageLoader (empty constructor)
2025-10-22 23:09:00.963 [Info] Decode concurrency cap set to 3
2025-10-22 23:09:00.965 [Info] Prefetch window set to 4
2025-10-22 23:09:40.338 [Info] Logger inicializado
2025-10-22 23:09:40.698 [Info] Applied theme: ComicClassic
2025-10-22 23:09:41.244 [Info] Initializing ComicPageLoader (empty constructor)
2025-10-22 23:09:41.405 [Info] Decode concurrency cap set to 3
2025-10-22 23:09:41.407 [Info] Prefetch window set to 4
2025-10-23 14:10:59.319 [Info] Logger inicializado
2025-10-23 14:10:59.732 [Info] Applied theme: ComicClassic
2025-10-23 14:11:00.059 [Info] Initializing ComicPageLoader (empty constructor)
2025-10-23 14:11:00.183 [Info] Decode concurrency cap set to 3
2025-10-23 14:11:00.184 [Info] Prefetch window set to 4
2025-10-23 14:11:15.781 [Info] [Perf] 2025-10-23T18:11:15.7798315Z - LoadComicAsync took 90ms
2025-10-23 14:11:15.782 [Info] Successfully loaded comic structure for: C:\Users\O11CE\OneDrive\Desktop\comic\Ultimate Spider-Man 011 (2024) (HDM).cbr with 27 pages.
2025-10-23 14:11:15.789 [Info] Storage read latency heuristic: 0.6ms
2025-10-23 14:11:15.794 [Info] Decode concurrency cap set to 3
2025-10-23 14:11:15.852 [Info] Initializing ComicPageLoader for: C:\Users\O11CE\OneDrive\Desktop\comic\Ultimate Spider-Man 011 (2024) (HDM).cbr
2025-10-23 14:11:15.858 [Info] Decode concurrency cap set to 3
2025-10-23 14:11:15.867 [Info] [Perf] 2025-10-23T18:11:15.8672078Z - LoadComicAsync took 4ms
2025-10-23 14:11:15.875 [Info] Successfully loaded comic structure for: C:\Users\O11CE\OneDrive\Desktop\comic\Ultimate Spider-Man 011 (2024) (HDM).cbr with 27 pages.
2025-10-23 14:11:15.879 [Info] Storage read latency heuristic: 0.6ms
2025-10-23 14:11:15.924 [Info] Initializing ComicPageLoader for: C:\Users\O11CE\OneDrive\Desktop\comic\Ultimate Spider-Man 011 (2024) (HDM).cbr
2025-10-23 14:11:15.936 [Info] Decode concurrency cap set to 3
2025-10-23 14:11:15.943 [Info] [Perf] 2025-10-23T18:11:15.9439475Z - LoadComicAsync took 2ms
2025-10-23 14:11:15.954 [Info] Successfully loaded comic structure for: C:\Users\O11CE\OneDrive\Desktop\comic\Ultimate Spider-Man 011 (2024) (HDM).cbr with 27 pages.
2025-10-23 14:11:15.961 [Info] Storage read latency heuristic: 0.5ms
2025-10-23 14:11:16.091 [Info] Disposing ComicPageLoader and cancelling internal operations.
2025-10-23 14:11:16.094 [Info] Disposing ComicPageLoader and cancelling internal operations.
2025-10-23 14:11:16.099 [Info] ComicPageLoader disposed.
2025-10-23 14:11:16.100 [Info] ComicPageLoader disposed.
2025-10-23 14:11:17.378 [Info] [Perf] 2025-10-23T18:11:17.3785155Z - Enqueue full load page 0
2025-10-23 14:11:18.201 [Info] [Perf] 2025-10-23T18:11:18.2019907Z - Enqueue prefetch page 1
2025-10-23 14:11:18.203 [Info] [Perf] 2025-10-23T18:11:18.2038937Z - Enqueue prefetch page 2
2025-10-23 14:11:18.206 [Info] [Perf] 2025-10-23T18:11:18.2065939Z - Enqueue prefetch page 3
2025-10-23 14:11:18.208 [Info] [Perf] 2025-10-23T18:11:18.2082344Z - Enqueue prefetch page 4
2025-10-23 14:11:19.587 [Info] [Perf] 2025-10-23T18:11:19.5878300Z - Decode_CreateBitmapImage took 103ms
2025-10-23 14:11:19.607 [Info] Swap thumbnail->full for page 0 took 2231ms (decode 1965ms)
2025-10-23 14:11:19.610 [Info] [Perf] 2025-10-23T18:11:19.6102692Z - FullLoad page 0 took 1972ms
2025-10-23 14:11:20.120 [Info] [Perf] 2025-10-23T18:11:20.1208581Z - Enqueue full load page 3
2025-10-23 14:11:20.179 [Info] [Perf] 2025-10-23T18:11:20.1796990Z - Enqueue full load page 4
2025-10-23 14:11:20.190 [Info] [Perf] 2025-10-23T18:11:20.1908132Z - Decode_CreateBitmapImage took 155ms
2025-10-23 14:11:20.192 [Info] [Perf] 2025-10-23T18:11:20.1926128Z - Prefetch page 1 took 334ms
2025-10-23 14:11:20.662 [Info] [Perf] 2025-10-23T18:11:20.6626707Z - Enqueue full load page 5
2025-10-23 14:11:21.212 [Info] [Perf] 2025-10-23T18:11:21.2126116Z - Enqueue full load page 2
2025-10-23 14:11:21.251 [Info] [Perf] 2025-10-23T18:11:21.2513870Z - Enqueue prefetch page 6
2025-10-23 14:11:21.635 [Info] [Perf] 2025-10-23T18:11:21.6358743Z - Decode_CreateBitmapImage took 219ms
2025-10-23 14:11:22.001 [Info] [Perf] 2025-10-23T18:11:22.0014449Z - FullLoad page 3 took 1799ms
2025-10-23 14:11:22.367 [Info] [Perf] 2025-10-23T18:11:22.3674329Z - Decode_CreateBitmapImage took 186ms
2025-10-23 14:11:22.368 [Info] [Perf] 2025-10-23T18:11:22.3687068Z - FullLoad page 4 took 336ms
2025-10-23 14:11:22.735 [Info] [Perf] 2025-10-23T18:11:22.7355722Z - Decode_CreateBitmapImage took 160ms
2025-10-23 14:11:22.736 [Info] [Perf] 2025-10-23T18:11:22.7369270Z - FullLoad page 5 took 366ms
2025-10-23 14:11:23.025 [Info] [Perf] 2025-10-23T18:11:23.0254066Z - Decode_CreateBitmapImage took 192ms
2025-10-23 14:11:23.026 [Info] [Perf] 2025-10-23T18:11:23.0268694Z - FullLoad page 2 took 288ms
2025-10-23 14:11:23.280 [Info] [Perf] 2025-10-23T18:11:23.2802368Z - Prefetch page 2 took 0ms
2025-10-23 14:11:23.538 [Info] [Perf] 2025-10-23T18:11:23.5388949Z - Prefetch page 3 took 0ms
2025-10-23 14:11:23.794 [Info] [Perf] 2025-10-23T18:11:23.7944091Z - Prefetch page 4 took 0ms
2025-10-23 14:11:24.398 [Info] [Perf] 2025-10-23T18:11:24.3984078Z - Decode_CreateBitmapImage took 192ms
2025-10-23 14:11:24.399 [Info] [Perf] 2025-10-23T18:11:24.3998376Z - Prefetch page 6 took 363ms
2025-10-23 14:11:27.379 [Info] [Perf] 2025-10-23T18:11:27.3797872Z - Enqueue prefetch page 7
2025-10-23 14:11:27.834 [Info] [Perf] 2025-10-23T18:11:27.8345169Z - Decode_CreateBitmapImage took 197ms
2025-10-23 14:11:27.836 [Info] [Perf] 2025-10-23T18:11:27.8365125Z - Prefetch page 7 took 455ms
2025-10-23 14:11:28.244 [Info] [Perf] 2025-10-23T18:11:28.2445925Z - Enqueue prefetch page 8
2025-10-23 14:11:28.644 [Info] [Perf] 2025-10-23T18:11:28.6443315Z - Decode_CreateBitmapImage took 168ms
2025-10-23 14:11:28.645 [Info] [Perf] 2025-10-23T18:11:28.6459224Z - Prefetch page 8 took 399ms
2025-10-23 14:11:28.915 [Info] [Perf] 2025-10-23T18:11:28.9158938Z - Enqueue prefetch page 9
2025-10-23 14:11:29.413 [Info] [Perf] 2025-10-23T18:11:29.4137385Z - Decode_CreateBitmapImage took 186ms
2025-10-23 14:11:29.415 [Info] [Perf] 2025-10-23T18:11:29.4155453Z - Prefetch page 9 took 498ms
2025-10-23 14:11:29.611 [Info] [Perf] 2025-10-23T18:11:29.6117371Z - Enqueue prefetch page 10
2025-10-23 14:11:30.122 [Info] [Perf] 2025-10-23T18:11:30.1228174Z - Decode_CreateBitmapImage took 186ms
2025-10-23 14:11:30.124 [Info] [Perf] 2025-10-23T18:11:30.1243358Z - Prefetch page 10 took 457ms
2025-10-23 14:11:30.166 [Info] [Perf] 2025-10-23T18:11:30.1667840Z - Enqueue prefetch page 11
2025-10-23 14:11:30.670 [Info] [Perf] 2025-10-23T18:11:30.6700924Z - Enqueue full load page 11
2025-10-23 14:11:30.715 [Info] [Perf] 2025-10-23T18:11:30.7150354Z - Enqueue prefetch page 12
2025-10-23 14:11:30.905 [Info] [Perf] 2025-10-23T18:11:30.9057861Z - Decode_CreateBitmapImage took 294ms
2025-10-23 14:11:30.907 [Info] [Perf] 2025-10-23T18:11:30.9070955Z - Prefetch page 11 took 530ms
2025-10-23 14:11:31.281 [Info] [Perf] 2025-10-23T18:11:31.2811013Z - Enqueue full load page 12
2025-10-23 14:11:31.322 [Info] [Perf] 2025-10-23T18:11:31.3220600Z - Enqueue prefetch page 13
2025-10-23 14:11:31.333 [Info] [Perf] 2025-10-23T18:11:31.3338620Z - Decode_CreateBitmapImage took 195ms
2025-10-23 14:11:31.335 [Info] [Perf] 2025-10-23T18:11:31.3351132Z - FullLoad page 11 took 426ms
2025-10-23 14:11:31.845 [Info] [Perf] 2025-10-23T18:11:31.8451024Z - Enqueue full load page 13
2025-10-23 14:11:31.884 [Info] [Perf] 2025-10-23T18:11:31.8846093Z - Enqueue prefetch page 14
2025-10-23 14:11:31.915 [Info] [Perf] 2025-10-23T18:11:31.9151393Z - Decode_CreateBitmapImage took 238ms
2025-10-23 14:11:31.916 [Info] [Perf] 2025-10-23T18:11:31.9164034Z - FullLoad page 12 took 579ms
2025-10-23 14:11:32.400 [Info] [Perf] 2025-10-23T18:11:32.4008441Z - Enqueue full load page 14
2025-10-23 14:11:32.443 [Info] [Perf] 2025-10-23T18:11:32.4435334Z - Enqueue prefetch page 15
2025-10-23 14:11:32.463 [Info] [Perf] 2025-10-23T18:11:32.4637315Z - Decode_CreateBitmapImage took 199ms
2025-10-23 14:11:32.470 [Info] [Perf] 2025-10-23T18:11:32.4708868Z - FullLoad page 13 took 553ms
2025-10-23 14:11:32.937 [Info] [Perf] 2025-10-23T18:11:32.9377980Z - Enqueue full load page 15
2025-10-23 14:11:32.983 [Info] [Perf] 2025-10-23T18:11:32.9838881Z - Enqueue prefetch page 16
2025-10-23 14:11:33.233 [Info] [Perf] 2025-10-23T18:11:33.2334927Z - Decode_CreateBitmapImage took 351ms
2025-10-23 14:11:33.240 [Info] [Perf] 2025-10-23T18:11:33.2400634Z - FullLoad page 14 took 765ms
2025-10-23 14:11:33.489 [Info] [Perf] 2025-10-23T18:11:33.4892714Z - Enqueue full load page 16
2025-10-23 14:11:33.525 [Info] [Perf] 2025-10-23T18:11:33.5250695Z - Enqueue prefetch page 17
2025-10-23 14:11:33.812 [Info] [Perf] 2025-10-23T18:11:33.8120773Z - Decode_CreateBitmapImage took 221ms
2025-10-23 14:11:33.813 [Info] [Perf] 2025-10-23T18:11:33.8134218Z - FullLoad page 15 took 567ms
2025-10-23 14:11:34.005 [Info] [Perf] 2025-10-23T18:11:34.0050587Z - Enqueue full load page 17
2025-10-23 14:11:34.039 [Info] [Perf] 2025-10-23T18:11:34.0390693Z - Enqueue prefetch page 18
2025-10-23 14:11:34.398 [Info] [Perf] 2025-10-23T18:11:34.3985811Z - Decode_CreateBitmapImage took 180ms
2025-10-23 14:11:34.399 [Info] [Perf] 2025-10-23T18:11:34.3998210Z - FullLoad page 16 took 584ms
2025-10-23 14:11:34.557 [Info] [Perf] 2025-10-23T18:11:34.5570826Z - Enqueue full load page 18
2025-10-23 14:11:34.596 [Info] [Perf] 2025-10-23T18:11:34.5961981Z - Enqueue prefetch page 19
2025-10-23 14:11:34.985 [Info] [Perf] 2025-10-23T18:11:34.9854649Z - Decode_CreateBitmapImage took 178ms
2025-10-23 14:11:34.986 [Info] [Perf] 2025-10-23T18:11:34.9869061Z - FullLoad page 17 took 585ms
2025-10-23 14:11:35.085 [Info] [Perf] 2025-10-23T18:11:35.0859185Z - Enqueue full load page 19
2025-10-23 14:11:35.127 [Info] [Perf] 2025-10-23T18:11:35.1276144Z - Enqueue prefetch page 20
2025-10-23 14:11:35.588 [Info] [Perf] 2025-10-23T18:11:35.5886289Z - Enqueue full load page 20
2025-10-23 14:11:35.631 [Info] [Perf] 2025-10-23T18:11:35.6316542Z - Enqueue prefetch page 21
2025-10-23 14:11:35.831 [Info] [Perf] 2025-10-23T18:11:35.8311385Z - Decode_CreateBitmapImage took 356ms
2025-10-23 14:11:35.865 [Info] [Perf] 2025-10-23T18:11:35.8657683Z - FullLoad page 18 took 877ms
2025-10-23 14:11:36.165 [Info] [Perf] 2025-10-23T18:11:36.1653620Z - Enqueue full load page 21
2025-10-23 14:11:36.204 [Info] [Perf] 2025-10-23T18:11:36.2040387Z - Enqueue prefetch page 22
2025-10-23 14:11:36.664 [Info] [Perf] 2025-10-23T18:11:36.6641351Z - Decode_CreateBitmapImage took 249ms
2025-10-23 14:11:36.665 [Info] [Perf] 2025-10-23T18:11:36.6656269Z - FullLoad page 19 took 797ms
2025-10-23 14:11:36.718 [Info] [Perf] 2025-10-23T18:11:36.7180820Z - Enqueue full load page 22
2025-10-23 14:11:36.753 [Info] [Perf] 2025-10-23T18:11:36.7536696Z - Enqueue prefetch page 23
2025-10-23 14:11:37.282 [Info] [Perf] 2025-10-23T18:11:37.2823028Z - Enqueue full load page 23
2025-10-23 14:11:37.317 [Info] [Perf] 2025-10-23T18:11:37.3175841Z - Enqueue prefetch page 24
2025-10-23 14:11:37.528 [Info] [Perf] 2025-10-23T18:11:37.5289947Z - Decode_CreateBitmapImage took 327ms
2025-10-23 14:11:37.530 [Info] [Perf] 2025-10-23T18:11:37.5306470Z - FullLoad page 20 took 863ms
2025-10-23 14:11:37.868 [Info] [Perf] 2025-10-23T18:11:37.8681561Z - Enqueue full load page 24
2025-10-23 14:11:37.912 [Info] [Perf] 2025-10-23T18:11:37.9127674Z - Enqueue prefetch page 25
2025-10-23 14:11:38.306 [Info] [Perf] 2025-10-23T18:11:38.3060579Z - Decode_CreateBitmapImage took 252ms
2025-10-23 14:11:38.307 [Info] [Perf] 2025-10-23T18:11:38.3073464Z - FullLoad page 21 took 774ms
2025-10-23 14:11:39.103 [Info] [Perf] 2025-10-23T18:11:39.1030401Z - Decode_CreateBitmapImage took 249ms
2025-10-23 14:11:39.104 [Info] [Perf] 2025-10-23T18:11:39.1046439Z - FullLoad page 22 took 795ms
2025-10-23 14:11:39.900 [Info] [Perf] 2025-10-23T18:11:39.9001331Z - Decode_CreateBitmapImage took 241ms
2025-10-23 14:11:39.901 [Info] [Perf] 2025-10-23T18:11:39.9014112Z - FullLoad page 23 took 795ms
2025-10-23 14:11:40.630 [Info] [Perf] 2025-10-23T18:11:40.6307385Z - Decode_CreateBitmapImage took 241ms
2025-10-23 14:11:40.632 [Info] [Perf] 2025-10-23T18:11:40.6320640Z - FullLoad page 24 took 729ms
2025-10-23 14:11:40.885 [Info] [Perf] 2025-10-23T18:11:40.8850084Z - Prefetch page 12 took 0ms
2025-10-23 14:11:41.139 [Info] [Perf] 2025-10-23T18:11:41.1393547Z - Prefetch page 13 took 0ms
2025-10-23 14:11:41.386 [Info] [Perf] 2025-10-23T18:11:41.3868420Z - Prefetch page 14 took 0ms
2025-10-23 14:11:41.638 [Info] [Perf] 2025-10-23T18:11:41.6387153Z - Prefetch page 15 took 0ms
2025-10-23 14:11:41.880 [Info] [Perf] 2025-10-23T18:11:41.8802683Z - Prefetch page 16 took 0ms
2025-10-23 14:11:42.133 [Info] [Perf] 2025-10-23T18:11:42.1336509Z - Prefetch page 17 took 0ms
2025-10-23 14:11:42.387 [Info] [Perf] 2025-10-23T18:11:42.3874329Z - Prefetch page 18 took 0ms
2025-10-23 14:11:42.639 [Info] [Perf] 2025-10-23T18:11:42.6399552Z - Prefetch page 19 took 0ms
2025-10-23 14:11:42.892 [Info] [Perf] 2025-10-23T18:11:42.8925937Z - Prefetch page 20 took 0ms
2025-10-23 14:11:43.131 [Info] [Perf] 2025-10-23T18:11:43.1310705Z - Prefetch page 21 took 0ms
2025-10-23 14:11:43.385 [Info] [Perf] 2025-10-23T18:11:43.3858484Z - Prefetch page 22 took 0ms
2025-10-23 14:11:43.638 [Info] [Perf] 2025-10-23T18:11:43.6387485Z - Prefetch page 23 took 0ms
2025-10-23 14:11:43.891 [Info] [Perf] 2025-10-23T18:11:43.8909990Z - Prefetch page 24 took 0ms
2025-10-23 14:11:44.865 [Info] [Perf] 2025-10-23T18:11:44.8651266Z - Decode_CreateBitmapImage took 189ms
2025-10-23 14:11:44.866 [Info] [Perf] 2025-10-23T18:11:44.8667751Z - Prefetch page 25 took 723ms
2025-10-23 14:11:49.177 [Info] [Perf] 2025-10-23T18:11:49.1774071Z - Enqueue prefetch page 26
2025-10-23 14:11:49.675 [Info] [Perf] 2025-10-23T18:11:49.6759631Z - Enqueue full load page 26
2025-10-23 14:11:49.952 [Info] [Perf] 2025-10-23T18:11:49.9526848Z - Decode_CreateBitmapImage took 153ms
2025-10-23 14:11:49.954 [Info] [Perf] 2025-10-23T18:11:49.9544951Z - Prefetch page 26 took 772ms
2025-10-23 14:11:50.616 [Info] [Perf] 2025-10-23T18:11:50.6163617Z - Decode_CreateBitmapImage took 145ms
2025-10-23 14:11:50.617 [Info] [Perf] 2025-10-23T18:11:50.6178413Z - FullLoad page 26 took 662ms
